tempo_anos,estoque_atmosferico_normalizado,incorporacao_biologica_normalizada,fracao_remanescente
0,8266.64258429376,204.10413263654476,1.0
10,8256.648630260335,203.8573810322747,0.9987910504256694
20,8246.666758413383,203.61092773825152,0.9975835624104118
30,8236.696954146153,203.3647723938333,0.9963775341872766
40,8226.739202869547,203.11891463881392,0.9951729639914482
50,8216.793490012109,202.87335411342283,0.9939698500602454
60,8206.859801019997,202.6280904583244,0.9927681906331177
70,8196.938121356961,202.38312331461736,0.9915679839516427
80,8187.028436504333,202.13845232383446,0.9903692282595244
90,8177.130731960987,201.89407712794167,0.9891719218025898
100,8167.244993243337,201.649997369338,0.9879760628287868
110,8157.371205885301,201.40621269085455,0.986781649588181
120,8147.509355438288,201.1627227357544,0.9855886803329541
130,8137.659427471177,200.9195271477318,0.9843971533174005
140,8127.821407570288,200.67662557091185,0.9832070667979251
150,8117.99528133937,200.43401764984978,0.9820184190330409
160,8108.181034399577,200.1917030295306,0.980831208283366
170,8098.378652389442,199.94968135536848,0.9796454328116215
180,8088.588120964869,199.7079522732064,0.978461090882629
190,8078.8094257990915,199.46651542931525,0.9772781807633073
200,8069.042552582673,199.22537047039376,0.9760967007226709
210,8059.287487023473,198.9845170435677,0.9749166490318266
220,8049.544214846626,198.74395479638946,0.9737380239639717
230,8039.812721794532,198.50368337683759,0.9725608237943909
240,8030.09299362682,198.2637024333161,0.971385046800454
250,8020.38501612034,198.02401161465414,0.9702106912616134
260,8010.688775069133,197.78461057010534,0.9690377554594016
270,8001.004256284417,197.54549894934743,0.9678662376774286
280,7991.331445594565,197.30667640248168,0.9666961362013795
290,7981.670328845079,197.06814258003234,0.9655274493190118
300,7972.020891898574,196.82989713294606,0.964360175320153
310,7962.383120634757,196.59193971259162,0.9631943124966982
320,7952.757000950409,196.35426997075928,0.9620298591426076
330,7943.142518759354,196.1168875596601,0.9608668135539038
340,7933.539659992452,195.8797921319258,0.9597051740286693
350,7923.94841059757,195.64298334060794,0.9585449388670445
360,7914.368756539559,195.40646083917753,0.9573861063712243
370,7904.800683800245,195.17022428152455,0.9562286748454567
380,7895.244178378395,194.93427332195736,0.9550726425960395
390,7885.699226289708,194.69860761520232,0.9539180079313182
400,7876.165813566786,194.46322681640316,0.9527647691616833
410,7866.643926259117,194.2281305811205,0.951612924599568
420,7857.133550433055,193.9933185653314,0.9504624725594458
430,7847.634672171799,193.75879042542886,0.9493134113578278
440,7838.1472775753755,193.52454581822124,0.9481657393132604
450,7828.671352760609,193.29058440093175,0.9470194547463227
460,7819.206883861114,193.0569058311981,0.9458745559796242
470,7809.753857027267,192.8235097670719,0.9447310413378025
480,7800.312258426187,192.59039586701806,0.9435889091475202
490,7790.8820742417165,192.35756378991445,0.9424481577374632
500,7781.463290674401,192.12501319505134,0.9413087854383377
510,7772.0558939414705,191.8927437421309,0.9401707905828683
520,7762.659870276816,191.6607550912667,0.939034171505795
530,7753.275205930971,191.42904690298323,0.9378989265438712
540,7743.901887171093,191.19761883821536,0.9367650540358609
550,7734.539900280938,190.96647055830783,0.9356325523225363
560,7725.189231560851,190.735601725015,0.9345014197466761
570,7715.849867327732,190.50501200049982,0.9333716546530619
580,7706.521793915026,190.27470104733393,0.9322432553884769
590,7697.204997672702,190.04466852849686,0.9311162203017023
600,7687.89946496723,189.81491410737553,0.9299905477435162
610,7678.605182181562,189.58543744776384,0.9288662360666902
620,7669.32213571511,189.35623821386204,0.9277432836259871
630,7660.050311983732,189.12731607027655,0.9266216887781594
640,7650.789697419708,188.8986706820191,0.9255014498819455
650,7641.540278471719,188.67030171450642,0.9243825652980683
660,7632.30204160483,188.44220883355985,0.9232650333892325
670,7623.0749733004695,188.21439170540458,0.9221488525201222
680,7613.859060056407,187.98684999666943,0.9210340210573985
690,7604.654288386738,187.75958337438618,0.9199205373696971
700,7595.460644821861,187.53259150598922,0.918808399827626
710,7586.278115908458,187.30587405931493,0.9176976068037629
720,7577.1066882094765,187.0794307026013,0.9165881566726533
730,7567.946348304107,186.85326110448736,0.9154800478108073
740,7558.797082787768,186.62736493401277,0.9143732785966983
750,7549.65887827208,186.40174186061736,0.9132678474107594
760,7540.531721384851,186.17639155414048,0.9121637526353823
770,7531.415598770056,185.95131368482066,0.9110609926549139
780,7522.310497087817,185.7265079232952,0.9099595658556545
790,7513.216403014379,185.5019739405994,0.9088594706258551
800,7504.1333032421,185.2777114081664,0.9077607053557156
810,7495.061184479425,185.05371999782656,0.9066632684373818
820,7486.000033450867,184.82999938180689,0.9055671582649432
830,7476.949836896986,184.60654923273069,0.9044723732344309
840,7467.910581574379,184.38336922361717,0.9033789117438153
850,7458.8822542556445,184.1604590278806,0.9022867721930034
860,7449.86484172938,183.93781831933032,0.9011959529838364
870,7440.85833080015,183.71544677216983,0.900106452520088
880,7431.862708288474,183.49334406099666,0.8990182692074616
890,7422.877961030805,183.2715098608016,0.8979314014535877
900,7413.904075879508,183.04994384696843,0.8968458476680223
910,7404.941039702846,182.82864569527342,0.8957616062622439
920,7395.988839384953,182.60761508188466,0.8946786756496514
930,7387.047461825825,182.3868516833619,0.893597054245562
940,7378.11689394129,182.16635517665577,0.8925167404672087
950,7369.197122662998,181.94612523910757,0.8914377327337378
960,7360.288134938396,181.72616154844866,0.8903600294662072
970,7351.389917730711,181.50646378279993,0.889283629087583
980,7342.502458018931,181.28703162067143,0.8882085300227383
990,7333.625742797787,181.06786474096194,0.8871347306984504
1000,7324.759759077732,180.8489628229584,0.8860622295433986
1010,7315.90449388492,180.63032554633543,0.8849910249881616
1020,7307.059934261194,180.41195259115497,0.8839211154652157
1030,7298.2260672640605,180.19384363786574,0.8828524994089322
1040,7289.402879966673,179.97599836730274,0.881785175255575
1050,7280.590359457812,179.75841646068685,0.8807191414432987
1060,7271.78849284187,179.54109759962435,0.8796543964121459
1070,7262.997267238827,179.32404146610645,0.8785909386040454
1080,7254.216669784233,179.10724774250872,0.8775287664628092
1090,7245.446687629195,178.8907161115909,0.8764678784341311
1100,7236.68730794035,178.67444625649608,0.8754082729655837
1110,7227.938517899852,178.4584378607505,0.8743499485066164
1120,7219.200304705349,178.24269060826305,0.8732929035085533
1130,7210.472655569967,178.02720418332464,0.8722371364245907
1140,7201.755557722294,177.81197827060794,0.8711826457097948
1150,7193.0489984063515,177.5970125551668,0.8701294298210996
1160,7184.352964881588,177.38230672243583,0.8690774872173048
1170,7175.667444422854,177.16786045822994,0.8680268163590731
1180,7166.9924243203795,176.95367344874387,0.8669774157089282
1190,7158.327891879767,176.73974538055177,0.8659292837312526
1200,7149.673834421959,176.52607594060666,0.8648824188922852
1210,7141.030239283232,176.31266481624,0.8638368196601193
1220,7132.397093815168,176.09951169516128,0.8627924845047
1230,7123.774385384643,175.8866162654576,0.8617494118978224
1240,7115.162101373805,175.67397821559302,0.8607076003131289
1250,7106.560229180055,175.4615972344083,0.8596670482261072
1260,7097.9687562160325,175.2494730111204,0.8586277541140881
1270,7089.387669909594,175.03760523532193,0.8575897164562434
1280,7080.816957703791,174.8259935969808,0.8565529337335832
1290,7072.256607056861,174.6146377864398,0.8555174044289543
1300,7063.706605442203,174.40353749441599,0.8544831270270375
1310,7055.166940348357,174.19269241200035,0.8534501000143454
1320,7046.637599278991,173.98210223065735,0.8524183218792206
1330,7038.11856975288,173.77176664222443,0.851387791111833
1340,7029.609839303888,173.56168533891164,0.8503585062041781
1350,7021.111395480952,173.35185801330104,0.8493304656500741
1360,7012.623225848057,173.14228435834644,0.8483036679451604
1370,7004.1453179842265,172.93296406737278,0.8472781115868949
1380,6995.677659483499,172.7238968340758,0.8462537950745522
1390,6987.220237954913,172.51508235252152,0.8452307169092212
1400,6978.773041022482,172.3065203171458,0.8442088755938026
1410,6970.336056325188,172.098210422754,0.8431882696330073
1420,6961.909271516952,171.89015236452033,0.8421688975333539
1430,6953.492674266622,171.6823458379876,0.8411507578031664
1440,6945.086252257956,171.47479053906667,0.8401338489525724
1450,6936.6899931896,171.26748616403606,0.8391181694935004
1460,6928.3038847750695,171.06043240954136,0.8381037179396781
1470,6919.927914742737,170.853628972595,0.83709049280663
1480,6911.56207083581,170.64707555057575,0.8360784926116751
1490,6903.206340812313,170.44077184122813,0.8350677158739253
1500,6894.860712445072,170.23471754266208,0.8340581611142822
1510,6886.525173521692,170.02891235335258,0.833049826855436
1520,6878.199711844545,169.82335597213907,0.8320427116218629
1530,6869.88431523075,169.61804809822516,0.8310368139398228
1540,6861.57897151215,169.412988431178,0.8300321323373571
1550,6853.283668535305,169.20817667092805,0.8290286653442871
1560,6844.998394161461,169.00361251776846,0.8280264114922111
1570,6836.723136266546,168.79929567235476,0.8270253693145031
1580,6828.45788274114,168.59522583570435,0.8260255373463097
1590,6820.202621490465,168.39140270919611,0.8250269141245486
1600,6811.9573404343655,168.18782599456986,0.8240294981879064
1610,6803.722027507288,167.98449539392612,0.8230332880768362
1620,6795.49667065827,167.78141060972553,0.8220382823335558
1630,6787.281257850911,167.57857134478826,0.8210444795020451
1640,6779.075777063371,167.37597730229407,0.8200518781280446
1650,6770.880216288334,167.17362818578127,0.8190604767590526
1660,6762.694563533009,166.97152369914676,0.8180702739443237
1670,6754.518806819097,166.76966354664532,0.8170812682348662
1680,6746.352934182784,166.56804743288933,0.81609345818344
1690,6738.19693367472,166.36667506284826,0.8151068423445551
1700,6730.050793359998,166.16554614184824,0.8141214192744687
1710,6721.914501318141,165.9646603755716,0.8131371875311834
1720,6713.788045643086,165.76401747005664,0.8121541456744451
1730,6705.671414443159,165.56361713169684,0.8111722922657411
1740,6697.564595841068,165.36345906724088,0.8101916258682976
1750,6689.467577973873,165.16354298379167,0.8092121450470778
1760,6681.380348992982,164.96386858880646,0.80823384836878
1770,6673.302897064126,164.7644355900961,0.8072567344018349
1780,6665.235210367341,164.56524369582462,0.8062808017164043
1790,6657.177277096954,164.36629261450892,0.8053060488843782
1800,6649.129085461564,164.1675820550183,0.8043324744793735
1810,6641.090623684026,163.969111726574,0.8033600770767314
1820,6633.061880001431,163.77088133874878,0.8023888552535152
1830,6625.042842665094,163.57289060146655,0.8014188075885088
1840,6617.033499940532,163.37513922500187,0.8004499326622141
1850,6609.033840107447,163.1776269199796,0.7994822290568491
1860,6601.043851459713,162.9803533973744,0.7985156953563459
1870,6593.063522305352,162.78331836851038,0.7975503301463485
1880,6585.092840966527,162.58652154506063,0.7965861320142108
1890,6577.131795779512,162.38996263904684,0.7956230995489945
1900,6569.180375094687,162.19364136283878,0.794661231341467
1910,6561.238567276516,161.99755742915406,0.7937005259840998
1920,6553.306360703525,161.80171055105745,0.7927409820710652
1930,6545.383743768293,161.60610044196076,0.7917825981982359
1940,6537.470704877434,161.41072681562224,0.7908253729631818
1950,6529.567232451574,161.2155893861461,0.789869304965168
1960,6521.673314925337,161.02068786798222,0.7889143928051535
1970,6513.788940747335,160.8260219759258,0.7879606350857884
1980,6505.914098380139,160.63159142511674,0.7870080304114122
1990,6498.04877630027,160.43739593103928,0.7860565773880515
2000,6490.192962998181,160.2434352095217,0.7851062746234183
2010,6482.346646978242,160.04970897673587,0.784157120726908
2020,6474.509816758714,159.85621694919672,0.7832091143095969
2030,6466.682460871743,159.66295884376188,0.7822622539842404
2040,6458.864567863341,159.46993437763135,0.7813165383652713
2050,6451.0561262933625,159.27714326834695,0.780371966068797
2060,6443.257124735498,159.0845852337921,0.7794285357125986
2070,6435.467551777246,158.89225999219113,0.7784862459161277
2080,6427.6873960199055,158.70016726210912,0.7775450953005051
2090,6419.916646078557,158.5083067624514,0.7766050824885187
2100,6412.155290582042,158.31667821246305,0.7756662061046211
2110,6404.403318172951,158.12528133172867,0.7747284647749283
2120,6396.660717507603,157.93411584017173,0.7737918571272168
2130,6388.927477256036,157.7431814580545,0.7728563817909223
2140,6381.203586101977,157.55247790597718,0.7719220373971374
2150,6373.489032742842,157.36200490487803,0.7709888225786097
2160,6365.783805889706,157.17176217603244,0.7700567359697396
2170,6358.087894267294,156.98174944105293,0.7691257762065785
2180,6350.401286613964,156.7919664218885,0.7681959419268268
2190,6342.723971681682,156.6024128408243,0.7672672317698318
2200,6335.055938236022,156.41308842048124,0.7663396443765859
2210,6327.3971750561295,156.22399288381553,0.765413178389724
2220,6319.747670934725,156.03512595411843,0.7644878324535227
2230,6312.107414678071,155.84648735501557,0.7635636052138971
2240,6304.476395105967,155.65807681046678,0.7626404953183994
2250,6296.854601051726,155.46989404476565,0.7617185014162169
2260,6289.242021362162,155.281938782539,0.7607976221581699
2270,6281.638644897574,155.0942107487466,0.75987785619671
2280,6274.044460531725,154.90670966868075,0.7589592021859177
2290,6266.459457151835,154.71943526796585,0.7580416587815008
2300,6258.88362365855,154.53238727255794,0.7571252246407919
2310,6251.316948965943,154.34556540874448,0.7562098984227474
2320,6243.759422001484,154.15896940314374,0.7552956787879446
2330,6236.211031706032,153.97259898270457,0.7543825643985801
2340,6228.671767033815,153.7864538747058,0.753470553918468
2350,6221.141616952415,153.6005338067562,0.7525596460130376
2360,6213.620570442748,153.41483850679353,0.7516498393493316
2370,6206.10861649906,153.22936770308476,0.7507411325960046
2380,6198.605744128894,153.04412112422517,0.7498335244233202
2390,6191.111942353085,152.8590984991382,0.7489270135031497
2400,6183.627200205744,152.6742995570751,0.7480215985089703
2410,6176.151506734235,152.48972402761433,0.7471172781158627
2420,6168.684850999168,152.30537164066138,0.7462140510005095
2430,6161.2272220743735,152.12124212644815,0.7453119158411929
2440,6153.778609046892,151.9373352155327,0.7444108713177932
2450,6146.339001016959,151.75365063879894,0.7435109161117863
2460,6138.9083870979875,151.57018812745605,0.7426120489062428
2470,6131.486756416551,151.38694741303814,0.7417142683858248
2480,6124.074098112366,151.20392822740394,0.7408175732367848
2490,6116.670401338284,151.02113030273628,0.7399219621469635
2500,6109.275655260266,150.83855337154188,0.7390274338057881
2510,6101.889849057369,150.65619716665066,0.7381339869042698
2520,6094.512971921739,150.4740614212158,0.7372416201350029
2530,6087.145013058582,150.2921458687128,0.7363503321921618
2540,6079.785961686156,150.11045024293958,0.7354601217714999
2550,6072.435807035754,149.9289742780158,0.7345709875703471
2560,6065.094538351687,149.74771770838254,0.7336829282876082
2570,6057.762144891272,149.56668026880203,0.7327959426237612
2580,6050.43861592481,149.385861694357,0.731910029280855
2590,6043.123940735573,149.20526172045058,0.7310251869625076
2600,6035.818108619794,149.02488008280577,0.7301414143739043
2610,6028.521108886641,148.84471651746497,0.7292587102217958
2620,6021.232930858208,148.6647707607898,0.7283770732144962
2630,6013.9535638695015,148.4850425494606,0.7274965020618813
2640,6006.682997268417,148.30553162047593,0.7266169954753866
2650,5999.421220415731,148.1262377111525,0.7257385521680052
2660,5992.168222685078,147.94716055912437,0.7248611708542863
2670,5984.923993462946,147.76829990234302,0.7239848502503332
2680,5977.688522148647,147.5896554790765,0.7231095890738012
2690,5970.461798154314,147.41122702790946,0.722235386043896
2700,5963.243810904878,147.23301428774252,0.7213622398813717
2710,5956.034549838055,147.0550169977919,0.720490149308529
2720,5948.834004404329,146.87723489758923,0.7196191130492129
2730,5941.642164066941,146.69966772698095,0.7187491298288119
2740,5934.459018301867,146.52231522612797,0.7178801983742548
2750,5927.284556597809,146.3451771355054,0.7170123174140098
2760,5920.118768456173,146.16825319590208,0.7161454856780823
2770,5912.9616433910605,145.99154314842025,0.7152797018980129
2780,5905.81317092925,145.8150467344751,0.714414964806876
2790,5898.6733406101785,145.63876369579444,0.7135512731392774
2800,5891.542141985932,145.46269377441837,0.7126886256313525
2810,5884.4195646212265,145.28683671269877,0.7118270210207651
2820,5877.305598093395,145.11119225329912,0.710966458046705
2830,5870.2002319923695,144.9357601391939,0.7101069354498861
2840,5863.103455920666,144.76054011366833,0.7092484519725447
2850,5856.015259493373,144.585531920318,0.7083910063584378
2860,5848.935632338135,144.41073530304857,0.7075345973528411
2870,5841.864564095134,144.23615000607518,0.7066792237025472
2880,5834.8020444170725,144.06177577392222,0.7058248841558636
2890,5827.748062969171,143.88761235142303,0.7049715774626114
2900,5820.702609429139,143.71365948371934,0.7041193023741228
2910,5813.665673487164,143.539916916261,0.7032680576432396
2920,5806.637244845901,143.3663843948056,0.7024178420243115
2930,5799.617313220451,143.19306166541818,0.7015686542731939
2940,5792.605868338353,143.01994847447068,0.7007204931472466
2950,5785.602899939559,142.84704456864165,0.6998733574053314
2960,5778.608397776431,142.674349694916,0.6990272458078108
2970,5771.622351613716,142.50186360058444,0.698182157116546
2980,5764.644751228535,142.32958603324317,0.6973380900948947
2990,5757.675586410371,142.15751674079365,0.69649504350771
3000,5750.714846961046,141.98565547144196,0.6956530161213379
3010,5743.762522694715,141.81400197369868,0.6948120067036161
3020,5736.818603437847,141.64255599637846,0.693972014023872
3030,5729.883079029208,141.47131728859952,0.6931330368529204
3040,5722.9559393198515,141.30028559978348,0.6922950739630626
3050,5716.037174173098,141.12946067965484,0.6914581241280837
3060,5709.126773464523,140.95884227824064,0.6906221861232515
3070,5702.2247270819435,140.78843014587022,0.6897872587253145
3080,5695.3310249254,140.6182240331747,0.6889533407124999
3090,5688.4456569071435,140.44822369108664,0.6881204308645118
3100,5681.5686129516225,140.2784288708398,0.6872885279625299
3110,5674.699882995465,140.10883932396862,0.6864576307892073
3120,5667.839456987463,139.93945480230795,0.6856277381286686
3130,5660.987324888563,139.77027505799265,0.6847988487665086
3140,5654.1434766718485,139.6012998434572,0.6839709614897903
3150,5647.307902322521,139.43252891143544,0.6831440750870427
3160,5640.480591837894,139.26396201496013,0.6823181883482596
3170,5633.661535227371,139.09559890736253,0.6814933000648979
3180,5626.850722512436,138.92743934227224,0.6806694090298754
3190,5620.048143726632,138.75948307361654,0.6798465140375688
3200,5613.253788915556,138.59172985562034,0.6790246138838129
3210,5606.467648136836,138.42417944280564,0.678203707365898
3220,5599.689711460122,138.25683158999118,0.6773837932825685
3230,5592.919968967069,138.08968605229214,0.676564870434021
3240,5586.158410751321,137.92274258511978,0.6757469376219027
3250,5579.405026918499,137.75600094418098,0.6749299936493095
3260,5572.6598075861875,137.58946088547802,0.6741140373207841
3270,5565.922742883918,137.42312216530814,0.6732990674423149
3280,5559.19382295315,137.25698454026318,0.6724850828213332
3290,5552.473037947269,137.09104776722933,0.6716720822667127
3300,5545.76037803156,136.9253116033866,0.6708600645887666
3310,5539.0558333832,136.7597758062086,0.6700490285992465
3320,5532.359394191237,136.59444013346211,0.6692389731113408
3330,5525.671050656585,136.42930434320684,0.6684298969396724
3340,5518.990792992003,136.2643681937949,0.6676217989002973
3350,5512.318611422081,136.09963144387058,0.6668146778107029
3360,5505.654496183226,135.93509385236993,0.6660085324898062
3370,5498.998437523654,135.77075517852052,0.665203361757952
3380,5492.3504257033655,135.6066151818409,0.6643991644369115
3390,5485.710450994136,135.4426736221404,0.6635959393498798
3400,5479.078503679505,135.2789302595187,0.6627936853214752
3410,5472.454574054757,135.11538485436552,0.6619924011777367
3420,5465.83865242691,134.95203716736032,0.6611920857461228
3430,5459.230729114699,134.7888869594718,0.6603927378555092
3440,5452.630794448563,134.62593399195765,0.6595943563361878
3450,5446.038838770632,134.46317802636418,0.6587969400198642
3460,5439.454852434711,134.30061882452605,0.6580004877396568
3470,5432.87882580627,134.1382561485658,0.6572049983300946
3480,5426.310749262421,133.97608976089353,0.6564104706271154
3490,5419.750613191915,133.81411942420664,0.6556169034680647
3500,5413.198407995118,133.6523449014893,0.6548242956916929
3510,5406.654124084004,133.49076595601232,0.654032646138155
3520,5400.1177518821405,133.32938235133275,0.6532419536490081
3530,5393.5892818246675,133.16819385129335,0.6524522170672091
3540,5387.068704358291,133.00720022002244,0.6516634352371147
3550,5380.556009941267,132.84640122193352,0.6508756070044779
3560,5374.051189043386,132.68579662172493,0.6500887312164476
3570,5367.554232145961,132.52538618437936,0.6493028067215663
3580,5361.065129741812,132.36516967516374,0.6485178323697686
3590,5354.583872335251,132.20514685962874,0.6477338070123793
3600,5348.110450442074,132.0453175036085,0.6469507295021121
3610,5341.644854589537,131.8856813732201,0.6461685986930675
3620,5335.187075316357,131.72623823486367,0.6453874134407318
3630,5328.737103172678,131.56698785522144,0.6446071726019742
3640,5322.294928720078,131.4079300012579,0.6438278750350466
3650,5315.860542531539,131.2490644402192,0.6430495195995807
3660,5309.433935191445,131.09039093963293,0.6422721051565873
3670,5303.015097295559,130.93190926730762,0.6414956305684538
3680,5296.604019451014,130.7736191913326,0.6407200946989431
3690,5290.2006922763,130.61552048007755,0.6399454964131917
3700,5283.805106401249,130.45761290219218,0.6391718345777081
3710,5277.417252467019,130.29989622660588,0.6383991080603713
3720,5271.0371211260845,130.1423702225274,0.6376273157304286
3730,5264.664703042218,129.98503465944452,0.6368564564584948
3740,5258.2999888904815,129.82788930712363,0.6360865291165495
3750,5251.942969357209,129.67093393560953,0.6353175325779366
3760,5245.593635139995,129.514168315225,0.6345494657173616
3770,5239.251976947681,129.3575922165705,0.6337823274108909
3780,5232.9179855003395,129.20120541052384,0.6330161165359492
3790,5226.591651529261,129.04500766823978,0.6322508319713186
3800,5220.272965776945,128.88899876114976,0.6314864725971366
3810,5213.961918997079,128.73317846096157,0.6307230372948948
3820,5207.658501954531,128.57754653965895,0.6299605249474366
3830,5201.362705425334,128.42210276950135,0.6291989344389562
3840,5195.07452019667,128.2668469230235,0.628438264654997
3850,5188.793937066863,128.1117787730352,0.6276785144824493
3860,5182.520946845356,127.95689809262079,0.6269196828095491
3870,5176.255540352708,127.80220465513905,0.626161768525877
3880,5169.997708420571,127.64769823422269,0.6254047705223555
3890,5163.747441891686,127.49337860377815,0.6246486876912483
3900,5157.50473161986,127.33924553798512,0.6238935189261576
3910,5151.269568469959,127.18529881129638,0.6231392631220242
3920,5145.041943317896,127.03153819843737,0.6223859191751241
3930,5138.821847050608,126.87796347440579,0.621633485983068
3940,5132.609270566056,126.72457441447149,0.6208819624447991
3950,5126.404204773199,126.57137079417586,0.6201313474605918
3960,5120.206640591991,126.4183523893318,0.6193816399320502
3970,5114.016568953362,126.26551897602312,0.6186328387621062
3980,5107.833980799206,126.11287033060441,0.6178849428550177
3990,5101.658867082368,125.96040622970062,0.6171379511163678
4000,5095.491218766629,125.80812645020673,0.6163918624530624
4010,5089.331026826694,125.65603076928738,0.6156466757733289
4020,5083.178282248185,125.50411896437679,0.6149023899867146
4030,5077.032976027614,125.35239081317805,0.6141590040040853
4040,5070.895099172382,125.20084609366313,0.6134165167376232
4050,5064.764642700762,125.04948458407235,0.6126749271008258
4060,5058.641597641884,124.89830606291416,0.6119342340085042
4070,5052.525955035724,124.7473103089648,0.6111944363767814
4080,5046.417705933089,124.59649710126787,0.6104555331230903
4090,5040.316841395607,124.44586621913423,0.6097175231661734
4100,5034.223352495709,124.29541744214137,0.6089804054260797
4110,5028.1372303166245,124.14515055013345,0.6082441788241642
4120,5022.0584659523565,123.99506532322064,0.6075088422830855
4130,5015.98705050768,123.84516154177902,0.6067743947268053
4140,5009.922975098121,123.6954389864502,0.6060408350805856
4150,5003.866230849947,123.54589743814088,0.6053081622709879
4160,4997.816808900153,123.39653667802274,0.6045763752258715
4170,4991.7747003964505,123.24735648753196,0.6038454728743918
4180,4985.739896497252,123.09835664836899,0.6031154541469989
4190,4979.712388371659,122.94953694249816,0.6023863179754356
4200,4973.692167199448,122.80089715214737,0.6016580632927366
4210,4967.679224171059,122.65243705980784,0.6009306890332262
4220,4961.673550487586,122.50415644823376,0.6002041941325172
4230,4955.675137360757,122.35605510044194,0.5994785775275092
4240,4949.683976012923,122.20813279971148,0.598753838156387
4250,4943.700057677051,122.0603893295835,0.598029974958619
4260,4937.723373596705,121.9128244738609,0.5973069868749559
4270,4931.753915026033,121.76543801660779,0.5965848728474287
4280,4925.791673229758,121.61822974214941,0.5958636318193476
4290,4919.836639483165,121.47119943507177,0.5951432627353005
4300,4913.888805072085,121.32434688022131,0.5944237645411509
4310,4907.948161292886,121.17767186270454,0.5937051361840369
4320,4902.014699452453,121.03117416788773,0.5929873766123692
4330,4896.088410868188,120.88485358139673,0.5922704847758302
4340,4890.169286867984,120.73870988911648,0.5915544596253719
4350,4884.25731879022,120.5927428771908,0.5908393001132144
4360,4878.352497983747,120.44695233202204,0.5901250051928447
4370,4872.454815807874,120.30133804027082,0.5894115738190149
4380,4866.564263632358,120.15589978885563,0.5886990049477409
4390,4860.680832837386,120.01063736495256,0.5879872975363004
4400,4854.804514813571,119.86555055599506,0.5872764505432321
4410,4848.935300961929,119.72063914967349,0.5865664629283335
4420,4843.073182693874,119.57590293393488,0.5858573336526596
4430,4837.218151431203,119.4313416969827,0.5851490616785217
4440,4831.370198606086,119.2869552272764,0.5844416459694854
4450,4825.529315661047,119.14274331353116,0.5837350854903695
4460,4819.695494048959,118.99870574471768,0.5830293792072441
4470,4813.8687252330255,118.85484231006173,0.5823245260874292
4480,4808.04900068677,118.71115279904382,0.5816205250994935
4490,4802.236311894029,118.56763700139912,0.5809173752132525
4500,4796.43065034893,118.42429470711689,0.5802150753997671
4510,4790.632007555884,118.28112570644032,0.5795136246313424
4520,4784.840375029575,118.13812978986616,0.5788130218815255
4530,4779.055744294942,117.99530674814447,0.5781132661251047
4540,4773.2781068871745,117.85265637227829,0.5774143563381079
4550,4767.507454351692,117.71017845352331,0.5767162914978006
4560,4761.743778244135,117.56787278338751,0.5760190705826848
4570,4755.987070130355,117.4257391536311,0.5753226925724975
4580,4750.237321586399,117.28377735626584,0.5746271564482092
4590,4744.494524198497,117.14198718355509,0.5739324611920222
4600,4738.758669563053,117.00036842801329,0.5732386057873696
4610,4733.029749286629,116.85892088240571,0.5725455892189131
4620,4727.3077549859345,116.71764433974818,0.5718534104725419
4630,4721.592678287815,116.57653859330678,0.5711620685353717
4640,4715.884510829235,116.43560343659743,0.5704715623957419
4650,4710.183244257276,116.29483866338583,0.5697818910432159
4660,4704.488870229112,116.15424406768688,0.5690930534685779
4670,4698.8013804120055,116.01381944376456,0.5684050486638326
4680,4693.120766483292,115.87356458613154,0.567717875622203
4690,4687.447020130369,115.73347928954895,0.5670315333381296
4700,4681.780133050685,115.59356334902606,0.5663460208072685
4710,4676.120096951725,115.45381655981991,0.5656613370264897
4720,4670.466903550995,115.31423871743505,0.5649774809938761
4730,4664.820544576021,115.17482961762333,0.5642944517087222
4740,4659.181011764328,115.03558905638351,0.5636122481715318
4750,4653.548296863426,114.89651682996092,0.5629308693840173
4760,4647.922391630805,114.75761273484723,0.5622503143490978
4770,4642.303287833921,114.61887656778025,0.5615705820708982
4780,4636.69097725018,114.48030812574338,0.560891671554747
4790,4631.0854516669315,114.34190720596553,0.5602135818071753
4800,4625.48670288145,114.20367360592071,0.5595363118359152
4810,4619.894722700929,114.06560712332785,0.5588598606498987
4820,4614.309502942467,113.92770755615031,0.5581842272592554
4830,4608.731035433055,113.78997470259584,0.5575094106753122
4840,4603.159312009563,113.65240836111603,0.556835409910591
4850,4597.594324518733,113.5150083304062,0.5561622239788073
4860,4592.036064817162,113.37777440940503,0.5554898518948694
4870,4586.48452477129,113.24070639729423,0.5548182926748761
4880,4580.939696257394,113.10380409349833,0.554147545336116
4890,4575.401571161568,112.9670672976843,0.5534776088970654
4900,4569.870141379721,112.83049580976137,0.5528084823773878
4910,4564.345398817553,112.69408942988065,0.5521401647979313
4920,4558.827335390555,112.55784795843482,0.551472655180728
4930,4553.3159430239875,112.42177119605789,0.5508059525489922
4940,4547.811213652876,112.28585894362493,0.5501400559271193
4950,4542.313139221994,112.15011100225168,0.549474964340684
4960,4536.821711685854,112.01452717329434,0.5488106768164389
4970,4531.336923008698,111.87910725834936,0.5481471923823136
4980,4525.858765164478,111.74385105925289,0.5474845100674125
4990,4520.387230136852,111.60875837808074,0.5468226289020138
5000,4514.922309919169,111.47382901714799,0.5461615479175684
5010,4509.463996514454,111.33906277900866,0.5455012661466976
5020,4504.012281935409,111.20445946645562,0.5448417826231927
5030,4498.567158204383,111.07001888251997,0.5441830963820129
5040,4493.1286173533745,110.93574083047106,0.5435252064592839
5050,4487.696651424012,110.801625113816,0.542868111892297
5060,4482.271252467548,110.66767153629951,0.542211811719507
5070,4476.852412544843,110.53387990190355,0.5415563049805318
5080,4471.4401237263555,110.40025001484702,0.5409015907161494
5090,4466.034378092131,110.26678167958556,0.5402476679682984
5100,4460.635167731792,110.13347470081123,0.539594535780075
5110,4455.242484744517,110.00032888345211,0.5389421931957324
5120,4449.856321239045,109.86734403267224,0.5382906392606797
5130,4444.476669333651,109.73451995387111,0.5376398730214793
5140,4439.1035211561375,109.60185645268349,0.5369898935258468
5150,4433.736868843826,109.46935333497917,0.5363406998226489
5160,4428.376704543543,109.33701040686259,0.5356922909619021
5170,4423.023020411609,109.20482747467261,0.5350446659947714
5180,4417.675808613828,109.07280434498226,0.5343978239735692
5190,4412.335061325474,108.94094082459837,0.5337517639517532
5200,4407.00077073128,108.80923672056126,0.5331064849839254
5210,4401.67292902543,108.6776918401447,0.5324619861258312
5220,4396.351528411541,108.54630599085532,0.531818266434357
5230,4391.03656110266,108.4150789804325,0.53117532496753
5240,4385.728019321245,108.28401061684808,0.5305331607845155
5250,4380.425895299157,108.15310070830604,0.5298917729456168
5260,4375.130181277647,108.02234906324219,0.5292511605122728
5270,4369.84086950735,107.89175549032397,0.5286113225470576
5280,4364.557952248268,107.76131979845019,0.527972258113678
5290,4359.281421769755,107.63104179675052,0.527333966276973
5300,4354.011270350518,107.50092129458557,0.5266964461029123
5310,4348.747490278597,107.37095810154632,0.5260596966585948
5320,4343.490073851353,107.24115202745398,0.5254237170122468
5330,4338.239013375462,107.11150288235967,0.5247885062332216
5340,4332.994301166897,106.98201047654412,0.5241540633919973
5350,4327.755929550924,106.85267462051746,0.5235203875601759
5360,4322.523890862086,106.72349512501889,0.5228874778104816
5370,4317.298177444195,106.59447180101644,0.5222553332167599
5380,4312.078781650315,106.4656044597066,0.5216239528539756
5390,4306.865695842759,106.33689291251419,0.520993335798212
5400,4301.65891239307,106.20833697109194,0.5203634811266696
5410,4296.4584236820165,106.07993644732036,0.5197343879176644
5420,4291.264222099577,105.95169115330735,0.5191060552506263
5430,4286.07630004493,105.82360090138796,0.5184784822060986
5440,4280.894649926441,105.69566550412408,0.5178516678657359
5450,4275.7192641616575,105.56788477430426,0.5172256113123032
5460,4270.550135177292,105.44025852494337,0.5166003116296742
5470,4265.387255409212,105.31278656928235,0.5159757679028305
5480,4260.23061730243,105.18546872078784,0.5153519792178595
5490,4255.080213311091,105.05830479315206,0.5147289446619535
5500,4249.936035898467,104.9312946002925,0.5141066633234088
5510,4244.798077536934,104.80443795635149,0.5134851342916233
5520,4239.666330707976,104.6777346756962,0.5128643566570964
5530,4234.540787902162,104.5511845729181,0.5122443295114264
5540,4229.4214416191435,104.42478746283294,0.5116250519473103
5550,4224.308284367632,104.29854316048016,0.5110065230585417
5560,4219.201308665405,104.172451481123,0.5103887419400099
5570,4214.100507039278,104.04651224024792,0.5097717076876984
5580,4209.005872025106,103.92072525356447,0.5091554193986835
5590,4203.917396167767,103.79509033700506,0.5085398761711334
5600,4198.835072021148,103.66960730672452,0.5079250771043061
5610,4193.758892148143,103.54427597910001,0.5073110212985489
5620,4188.6888491206355,103.41909617073071,0.5066977078552968
5630,4183.624935519488,103.29406769843744,0.5060851358770708
5640,4178.567143934532,103.16919037926253,0.5054733044674772
5650,4173.515466964561,103.0444640304695,0.5048622127312057
5660,4168.469897217311,102.91988846954271,0.5042518597740286
5670,4163.43042730946,102.7954635141873,0.5036422447027994
5680,4158.397049866609,102.67118898232872,0.5030333666254511
5690,4153.3697575232745,102.54706469211249,0.502425224650995
5700,4148.3485429228795,102.42309046190411,0.5018178178895203
5710,4143.3333987177375,102.29926611028856,0.5012111454521911
5720,4138.324317569048,102.17559145607018,0.500605206451247
5730,4133.32129214688,102.05206631827238,0.5
5740,4128.324315130168,101.92869051613735,0.4993955252128347
5750,4123.333379206692,101.80546386912579,0.498791781205206
5760,4118.3484770730765,101.68238619691665,0.4981887670936383
5770,4113.369601434774,101.55945731940699,0.4975864819957242
5780,4108.3967450060545,101.43667705671142,0.4969849250301227
5790,4103.429900509998,101.3140452291622,0.49638409531655886
5800,4098.469060678482,101.1915616573087,0.49578399197582146
5810,4093.5142182521663,101.06922616191723,0.4951846141297622
5820,4088.5653659804934,100.94703856397084,0.4945859609012949
5830,4083.6224966216687,100.824998684669,0.4939880314143934
5840,4078.6856029426503,100.70310634542727,0.4933908247940905
5850,4073.754677719144,100.5813613678772,0.49279434016647705
5860,4068.8297137355885,100.4597635738659,0.49219857665870026
5870,4063.910703785144,100.33831278545593,0.49160353339896257
5880,4058.997640669685,100.21700882492489,0.49100920951652044
5890,4054.0905171997883,100.0958515147653,0.490415604141683
5900,4049.1893261947216,99.97484067768426,0.4898227164058108
5910,4044.2940604824344,99.8539761366032,0.4892305454413145
5920,4039.4047128995458,99.73325771465763,0.48863909038165365
5930,4034.5212762913366,99.61268523519688,0.4880483503613354
5940,4029.6437435117364,99.49225852178385,0.4874583245159133
5950,4024.7721074233136,99.37197739819474,0.4868690119819859
5960,4019.9063608972665,99.2518416884188,0.4862804118971955
5970,4015.0464968134106,99.13185121665806,0.48569252340022706
5980,4010.1925080601704,99.01200580732707,0.48510534563080676
5990,4005.344387534567,98.89230528505269,0.48451887772970087
6000,4000.502128142209,98.77274947467373,0.48393311883871437
6010,3995.6657227972823,98.65333820124084,0.48334806810068975
6020,3990.8351644225395,98.53407129001617,0.4827637246595059
6030,3986.010445949287,98.41494856647303,0.4821800876600765
6040,3981.191560317379,98.29596985629583,0.48159715624834915
6050,3976.3785004752044,98.17713498537964,0.4810149295713038
6060,3971.571259379677,98.05844377983006,0.4804334067769519
6070,3966.7698299962262,97.9398960659629,0.4798525870143347
6080,3961.974205298785,97.82149167030397,0.47927246943352225
6090,3957.18437826978,97.70323041958878,0.4786930531856122
6100,3952.4003419001224,97.58511214076228,0.47811433742272835
6110,3947.6220891891976,97.46713666097868,0.47753632129801976
6120,3942.849613144854,97.34930380760116,0.4769590039656591
6130,3938.082906783393,97.23161340820158,0.47638238458084164
6140,3933.3219631295583,97.11406529056025,0.475806462299784
6150,3928.5667752165273,96.9966592826657,0.4752312362797229
6160,3923.8173360859,96.87939521271444,0.47465670567891394
6170,3919.0736387876877,96.76227290911062,0.4740828696566302
6180,3914.335676380305,96.64529220046589,0.4735097273731614
6190,3909.6034419305574,96.52845291559906,0.47293727798981217
6200,3904.8769285136336,96.41175488353595,0.47236552066890125
6210,3900.1561292130937,96.29519793350903,0.4717944545737601
6220,3895.4410371208583,96.17878189495723,0.4712240788687316
6230,3890.7316453372005,96.06250659752567,0.47065439271916887
6240,3886.0279469707357,95.94637187106547,0.4700853952914342
6250,3881.3299351384085,95.83037754563337,0.4695170857528976
6260,3876.637602965486,95.71452345149163,0.46894946327193565
6270,3871.9509435855466,95.59880941910768,0.46838252701793043
6280,3867.2699501404695,95.48323527915393,0.4678162761612682
6290,3862.594615780426,95.3678008625075,0.4672507098733381
6300,3857.924933663866,95.25250600024991,0.46668582732653097
6310,3853.260896957513,95.13735052366697,0.4661216276942384
6320,3848.602498836351,95.02233426424843,0.46555811015085113
6330,3843.949732483615,94.90745705368776,0.4649952738717581
6340,3839.302591090781,94.79271872388192,0.4644331180333451
6350,3834.6610678575553,94.67811910693104,0.4638716418129936
6360,3830.025155991866,94.56365803513827,0.4633108443890797
6370,3825.394848709854,94.44933534100954,0.46275072494097275
6380,3820.77013923586,94.33515085725323,0.4621912826490342
6390,3816.1510208024156,94.22110441677994,0.4616325166946163
6400,3811.5374866502348,94.10719585270229,0.4610744262600611
6410,3806.9295300282033,93.99342499833472,0.46051701052869926
6420,3802.327144193369,93.87979168719309,0.45996026868484857
6430,3797.7303224109305,93.76629575299461,0.459404199913813
6440,3793.1390579542294,93.65293702965748,0.4588488034018815
6450,3788.5533441047382,93.53971535130064,0.4582940783363266
6460,3783.973174152054,93.42663055224368,0.4577400239054037
6470,3779.398541393884,93.31368246700639,0.45718663929834913
6480,3774.8294391360405,93.2008709303087,0.45663392370537975
6490,3770.265860692426,93.08819577707025,0.4560818763176912
6500,3765.707799385028,92.97565684241033,0.45553049632745696
6510,3761.1552485439083,92.8632539616476,0.45497978292782726
6520,3756.6082015071893,92.7509869702997,0.4544297353129276
6530,3752.0666516210504,92.63885570408321,0.45388035267785787
6540,3747.5305922397124,92.52685999891328,0.4533316342186909
6550,3743.0000167254334,92.41499969090344,0.4527835791324716
6560,3738.4749184484936,92.30327461636536,0.4522361866172155
6570,3733.9552907871894,92.19168461180858,0.4516894558719077
6580,3729.4411271278223,92.0802295139403,0.4511433860965017
6590,3724.9324208646904,91.96890915966516,0.45059797649191824
6600,3720.429165400075,91.85772338608491,0.450053226260044
6610,3715.931354144237,91.74667203049833,0.4495091346037308
6620,3711.438980515403,91.63575493040081,0.4489657007267939
6630,3706.952037939754,91.52497192348422,0.44842292383401117
6640,3702.470519851423,91.41432284763671,0.44788080313112194
6650,3697.9944196924766,91.30380754094233,0.4473393378248257
6660,3693.5237309129125,91.19342584168095,0.446798527122781
6670,3689.058446970645,91.08317758832789,0.4462583702336044
6680,3684.5985613314992,90.9730626195538,0.44571886636686897
6690,3680.144067469198,90.86308077422433,0.4451800147331036
6700,3675.6949588653556,90.75323189139996,0.4446418145437915
6710,3671.2512290094655,90.64351581033571,0.4441042650113691
6720,3666.8128713988935,90.53393237048097,0.4435673653492252
6730,3662.379879538866,90.4244814114792,0.4430311147716993
6740,3657.95224694246,90.31516277316771,0.4424955124940808
6750,3653.5299671305975,90.2059762955775,0.4419605577326079
6760,3649.1130336320302,90.09692181893287,0.4414262497044661
6770,3644.701439983337,89.98799918365138,0.44089258762778755
6780,3640.2951797289065,89.87920823034344,0.4403595707216494
6790,3635.8942464209354,89.77054879981219,0.439827198206073
6800,3631.4986336194133,89.66202073305323,0.4392954693020227
6810,3627.1083348921165,89.55362387125436,0.4387643832314046
6820,3622.7233438145977,89.44535805579545,0.43823393921706555
6830,3618.343653970175,89.33722312824804,0.43770413648279183
6840,3613.969258949926,89.22921893037525,0.4371749742533082
6850,3609.6001523526747,89.12134530413154,0.4366464517542767
6860,3605.2363277849836,89.01360209166232,0.43611856821229533
6870,3600.877778861147,88.90598913530397,0.4355913228548974
6880,3596.5244992031758,88.7985062775834,0.4350647149105498
6890,3592.1764824407946,88.69115336121791,0.43453874360865247
6900,3587.833722211427,88.58393022911497,0.43401340817953654
6910,3583.4962121601898,88.47683672437194,0.4334887078544641
6920,3579.1639459398834,88.36987269027588,0.4329646418656263
6930,3574.8369172109797,88.26303797030333,0.4324412094461426
6940,3570.5151196416164,88.15633240812001,0.4319184098300597
6950,3566.1985469075844,88.04975584758066,0.43139624225235007
6960,3561.887192692322,87.94330813272882,0.43087470594891125
6970,3557.5810506869025,87.83698910779651,0.43035380015656444
6980,3553.2801145900276,87.73079861720414,0.4298335241130536
6990,3548.9843781080167,87.6247365055602,0.4293138770570441
7000,3544.693834954797,87.51880261766097,0.4287948582281217
7010,3540.4084788518953,87.4129967984904,0.4282764668667916
7020,3536.128303528431,87.30731889321991,0.4277587022144772
7030,3531.8533027211015,87.20176874720799,0.4272415635135188
7040,3527.5834701741783,87.09634620600018,0.4267250500071727
7050,3523.3187996394954,86.99105111532867,0.4262091609396103
7060,3519.0592848764404,86.88588332111223,0.4256938955559166
7070,3514.8049196519446,86.78084266945582,0.4251792531020891
7080,3510.5556977404763,86.67592900665053,0.4246652328250371
7090,3506.3116129240284,86.57114217917322,0.4241518339725802
7100,3502.0726589921132,86.46648203368639,0.42363905579344746
7110,3497.83882974175,86.36194841703791,0.42312689753727617
7120,3493.6101189774563,86.25754117626076,0.4226153584546106
7130,3489.386520511241,86.1532601585729,0.4221044377969013
7140,3485.168028162594,86.049105211377,0.42159413481650365
7150,3480.954635758476,85.94507618226017,0.42108444876667694
7160,3476.746337133312,85.84117291899382,0.42057537890158325
7170,3472.543126128978,85.73739526953334,0.4200669244762862
7180,3468.3449965948,85.63374308201803,0.4195590847467502
7190,3464.151942387535,85.5302162047707,0.4190518589698391
7200,3459.9639573713685,85.4268144862975,0.418545246403315
7210,3455.781035417905,85.32353777528787,0.41803924630583755
7220,3451.6031704061566,85.22038592061406,0.4175338579369626
7230,3447.430356222536,85.11735877133104,0.4170290805571411
7240,3443.262586760846,85.01445617667629,0.416524913427718
7250,3439.0998559222726,84.91167798606953,0.41602135581093147
7260,3434.942157615375,84.80902404911258,0.4155184069699114
7270,3430.7894857560755,84.70649421558902,0.4150160661686786
7280,3426.6418342676525,84.60408833546403,0.41451433267214355
7290,3422.4991970807305,84.50180625888423,0.41401320574610556
7300,3418.361568133273,84.39964783617738,0.41351268465725155
7310,3414.22894137057,84.29761291785218,0.41301276867315484
7320,3410.1013107452327,84.19570135459806,0.4125134570622743
7330,3405.978670217183,84.09391299728495,0.41201474909395325
7340,3401.8610137536443,83.99224769696308,0.41151664403841814
7350,3397.748335329135,83.89070530486276,0.4110191411667779
7360,3393.640628925456,83.78928567239414,0.4105222397510226
7370,3389.537888531686,83.68798865114704,0.41002593906402235
7380,3385.4401081441674,83.58681409289063,0.40953023837952635
7390,3381.3472817665047,83.48576184957338,0.4090351369721619
7400,3377.2594034095487,83.38483177332266,0.4085406341174331
7410,3373.176467091392,83.28402371644466,0.40804672909172
7420,3369.09846683736,83.18333753142413,0.40755342117227755
7430,3365.025396679999,83.08277307092412,0.40706070963723434
7440,3360.9572506590707,82.9823301877858,0.4065685937655917
7450,3356.894022821543,82.88200873502832,0.40607707283722255
7460,3352.83570722158,82.78180856584844,0.4055861461328706
7470,3348.782297920534,82.68172953362044,0.4050958129341488
7480,3344.733788986937,82.58177149189585,0.404606072523539
7490,3340.690174496491,82.48193429440323,0.40411692418439
7500,3336.651448532063,82.38221779504805,0.40362836720091744
7510,3332.6176051836705,82.28262184791231,0.40314040085820213
7520,3328.5886385484773,82.18314630725448,0.40265302444218914
7530,3324.5645427307823,82.08379102750916,0.4021662372396868
7540,3320.545311842013,81.984555863287,0.4016800385383657
7550,3316.5309400007154,81.88544066937439,0.4011944276267576
7560,3312.521421332547,81.78644530073328,0.4007094037942544
7570,3308.5167499702666,81.68756961250095,0.4002249663311071
7580,3304.516920053724,81.58881345998981,0.3997411145284246
7590,3300.5219257298563,81.4901766986872,0.39925784767817296
7600,3296.531761152676,81.39165918425519,0.39877516507317423
7610,3292.5464204832633,81.29326077253032,0.3982930660071054
7620,3288.5658978897563,81.19498131952342,0.3978115497744973
7630,3284.590187547344,81.0968206814194,0.3973306156707336
7640,3280.619283638258,80.99877871457703,0.3968502629920499
7650,3276.6531803517623,80.90085527552873,0.3963704910355326
7660,3272.691871884147,80.8030502209804,0.395891299099118
7670,3268.7353524387177,80.70536340781113,0.39541268648159095
7680,3264.7836162257872,80.60779469307306,0.3949346524825841
7690,3260.8366574626684,80.51034393399111,0.39445719640257676
7700,3256.8944703736674,80.4130109879629,0.3939803175428942
7710,3252.9570491900695,80.31579571255837,0.3935040152057061
7720,3249.024388150135,80.21869796551964,0.39302828869402573
7730,3245.096481499091,80.12171760476086,0.3925531373117092
7740,3241.1733234891212,80.02485448836795,0.39207856036345407
7750,3237.254908379357,79.92810847459836,0.39160455715479847
7760,3233.3412304358717,79.83147942188094,0.3911311269921202
7770,3229.4322839316706,79.73496718881567,0.39065826918263563
7780,3225.5280631466817,79.63857163417349,0.39018598303439855
7790,3221.628562367749,79.54229261689605,0.3897142678562993
7800,3217.733775888623,79.44612999609556,0.38924312295806385
7810,3213.8436980099527,79.35008363105456,0.38877254765025254
7820,3209.9583230392786,79.2541533812257,0.38830254124425934
7830,3206.077645291021,79.15833910623152,0.38783310305231056
7840,3202.2016590864755,79.06264066586434,0.38736423238746415
7850,3198.3303587538016,78.96705792008586,0.3868959285636084
7860,3194.463738628018,78.87159072902725,0.38642819089546115
7870,3190.601793050989,78.7762389529886,0.38596101869856875
7880,3186.7445163714215,78.68100245243903,0.3854944112893049
7890,3182.891902944853,78.58588108801622,0.3850283679848698
7900,3179.043947133647,78.49087472052646,0.38456288810328926
7910,3175.200643306982,78.39598321094425,0.3840979709634134
7920,3171.3619858408415,78.30120642041216,0.38363361588491596
7930,3167.527969118011,78.20654421024062,0.38316982218829293
7940,3163.698587528065,78.11199644190778,0.38270658919486206
7950,3159.873835467363,78.01756297705921,0.3822439162267614
7960,3156.0537073390356,77.92324367750778,0.38178180260694855
7970,3152.2381975529834,77.82903840523339,0.3813202476591997
7980,3148.427300525863,77.73494702238283,0.38085925070810844
7990,3144.621010681081,77.6409693912695,0.38039881107908496
8000,3140.819322448787,77.5471053743733,0.379938928098355
8010,3137.0222302658626,77.45335483434037,0.37947960109295886
8020,3133.2297285759173,77.35971763398292,0.3790208293907504
8030,3129.441811829275,77.26619363627897,0.37856261232039595
8040,3125.6584744829715,77.17278270437224,0.3781049492113737
8050,3121.8797110007426,77.07948470157189,0.37764783939397234
8060,3118.1055158530166,76.9862994913523,0.3771912821992901
8070,3114.335883516908,76.89322693735292,0.37673527695923403
8080,3110.5708084762073,76.8002669033781,0.3762798230065188
8090,3106.8102852213747,76.70741925339678,0.37582491967466586
8100,3103.05430824953,76.61468385154238,0.3753705662980023
8110,3099.302872064447,76.52206056211259,0.3749167622116601
8120,3095.5559711765427,76.4295492495691,0.37446350675157486
8130,3091.813600102872,76.33714977853755,0.37401079925448516
8140,3088.075753367118,76.24486201380718,0.3735586390579314
8150,3084.342425499584,76.15268582033069,0.37310702550025476
8160,3080.6136110371867,76.06062106322408,0.37265595792059647
8170,3076.889304523446,75.96866760776635,0.3722054356588966
8180,3073.16950050848,75.87682531939949,0.3717554580558932
8190,3069.4541935489938,75.78509406372802,0.3713060244531214
8200,3065.7433782082753,75.69347370651907,0.3708571341929124
8210,3062.037049056183,75.60196411370197,0.3704087866183924
8220,3058.335200669142,75.51056515136814,0.36996098107348174
8230,3054.637827630133,75.41927668577094,0.36951371690289403
8240,3050.944924528685,75.32809858332534,0.36906699345213495
8250,3047.2564859608697,75.2370307106079,0.36862081006750147
8260,3043.5725065292913,75.14607293435641,0.368175166096081
8270,3039.8929808430785,75.0552251214698,0.36773006088575
8280,3036.2179035178765,74.96448713900789,0.3672854937851735
8290,3032.547269175844,74.87385885419128,0.36684146414380414
8300,3028.881072445636,74.78334013440102,0.3663979713118806
8310,3025.2193079624053,74.69293084717852,0.36595501464042757
8320,3021.5619703677867,74.60263086022529,0.3655125934812538
8330,3017.909054309897,74.51244004140288,0.36507070718695217
8340,3014.2605544433204,74.42235825873249,0.3646293551108979
8350,3010.616465429104,74.3323853803949,0.3641885366072481
8360,3006.9767819347508,74.2425212747303,0.36374825103094066
8370,3003.341498634208,74.15276581023797,0.36330849773769325
8380,2999.7106102078656,74.06311885557625,0.3628692760840026
8390,2996.0841113425395,73.9735802795622,0.3624305854271432
8400,2992.4619967314734,73.88414995117152,0.36199242512516666
8410,2988.8442610743236,73.79482773953825,0.3615547945369006
8420,2985.2308990771576,73.70561351395475,0.36111769302194807
8430,2981.621905452439,73.61650714387126,0.36068111994068586
8440,2978.017274919027,73.52750849889595,0.3602450746542644
8450,2974.417002202165,73.43861744879463,0.3598095565246065
8460,2970.8210820334707,73.34983386349047,0.35937456491440595
8470,2967.229509150934,73.261157613064,0.35894009918712744
8480,2963.6422782989043,73.1725885677527,0.3585061587070049
8490,2960.059384228087,73.08412659795106,0.3580727428390412
8500,2956.4808216955307,72.99577157421012,0.3576398509490065
8510,2952.9065854646256,72.90752336723756,0.3572074824034381
8520,2949.3366703050892,72.81938184789722,0.3567756365696387
8530,2945.7710709929656,72.73134688720917,0.3563443128156762
8540,2942.2097823106137,72.6434183563494,0.3559135105103826
8550,2938.6527990466975,72.55559612664956,0.3554832290233525
8560,2935.1001159961847,72.46788006959694,0.35505346772494306
8570,2931.551727960333,72.38027005683416,0.35462422598627236
8580,2928.007629746687,72.29276596015902,0.35419550317921894
8590,2924.4678161690676,72.20536765152428,0.35376729867642054
8600,2920.932282047567,72.11807500303759,0.3533396118512736
8610,2917.4010222085362,72.03088788696111,0.3529124420779318
8620,2913.874031484586,71.94380617571153,0.35248578873130576
8630,2910.3513047145693,71.85682974185967,0.3520596511870614
8640,2906.8328367435815,71.76995845813049,0.35163402882161976
8650,2903.3186224229503,71.6831921974028,0.35120892101215573
8660,2899.8086566102256,71.59653083270909,0.35078432713659696
8670,2896.3029341691763,71.50997423723534,0.3503602465736233
8680,2892.8014499697797,71.42352228432082,0.3499366787026657
8690,2889.304198888216,71.33717484745802,0.3495136229039055
8700,2885.8111758068585,71.25093180029224,0.34909107855827304
8710,2882.322375614268,71.1647930166216,0.3486690450474474
8720,2878.8377932051853,71.07875837039683,0.348247521753855
8730,2875.3574234805224,70.99282773572097,0.3478265080606689
8740,2871.881261347358,70.90700098684935,0.3474060033518081
8750,2868.4093017189234,70.82127799818923,0.346986007011936
8760,2864.9415395146043,70.73565864429978,0.34656651842646025
8770,2861.4779696599257,70.65014279989174,0.3461475369815313
8780,2858.018587086549,70.56473033982742,0.34572906206404186
8790,2854.5633867322613,70.47942113912032,0.3453110930616258
8800,2851.112363540972,70.39421507293513,0.34489362936265733
8810,2847.6655124627,70.30911201658735,0.34447667035624996
8820,2844.222828453572,70.22411184554333,0.34406021543225596
8830,2840.7843064758113,70.1392144354199,0.34364426398126496
8840,2837.3499414977323,70.05441966198431,0.34322881539460365
8850,2833.919728493732,69.96972740115399,0.34281386906433436
8860,2830.4936624442817,69.88513752899632,0.3423994243832543
8870,2827.0717383359242,69.8006499217286,0.34198548074489515
8880,2823.6539511612605,69.71626445571772,0.34157203754352133
8890,2820.2402959189476,69.63198100748008,0.3411590941741299
8900,2816.8307676136856,69.54779945368126,0.34074665003244897
8910,2813.425361256218,69.46371967113612,0.3403347045149377
8920,2810.024071863316,69.37974153680827,0.3399232570187844
8930,2806.626894457778,69.29586492781017,0.3395123069419064
8940,2803.233824068418,69.21208972140282,0.339101853682949
8950,2799.844855730061,69.12841579499559,0.33869189664128424
8960,2796.4599844835348,69.04484302614608,0.33828243521701057
8970,2793.0792053756604,68.96137129255989,0.33787346881095137
8980,2789.70251345925,68.8780004720905,0.3374649968246548
8990,2786.329903793094,68.79473044273902,0.3370570186603921
9000,2782.961371441959,68.71156108265407,0.33664953372115747
9010,2779.5969114765753,68.6284922701316,0.3362425414106667
9020,2776.236518973635,68.54552388361468,0.3358360411333564
9030,2772.88018901578,68.4626558016933,0.3354300322943833
9040,2769.5279166916,68.3798879031043,0.33502451429962327
9050,2766.1796970956184,68.29722006673106,0.3346194865556704
9060,2762.8355253282925,68.21465217160342,0.3342149484698362
9070,2759.495396496002,68.13218409689746,0.3338108994501487
9080,2756.1593057110404,68.04981572193529,0.33340733890535146
9090,2752.8272480916135,67.96754692618498,0.33300426624490315
9100,2749.499218761827,67.88537758926026,0.332601680878976
9110,2746.175212851683,67.80330759092047,0.3321995822184558
9120,2742.855225497068,67.7213368110702,0.3317979696749399
9130,2739.5392518397525,67.63946512975934,0.3313968426607376
9140,2736.227287027379,67.55769242718277,0.3309962005888684
9150,2732.919326213455,67.47601858368016,0.3305960428730614
9160,2729.61536455735,67.39444347973591,0.33019636892775467
9170,2726.3153972242817,67.31296699597883,0.3297971781680939
9180,2723.0194193853163,67.2315890131821,0.32939847000993216
9190,2719.727426217356,67.15030941226304,0.32900024386982846
9200,2716.4394129031352,67.06912807428292,0.32860249916504736
9210,2713.155374631211,66.98804488044678,0.3282052353135578
9220,2709.875306595958,66.90705971210333,0.3278084517340324
9230,2706.5992039975595,66.82617245074466,0.3274121478458465
9240,2703.327062042002,66.74538297800616,0.3270163230690775
9250,2700.0588759410703,66.66469117566638,0.32662097682450403
9260,2696.7946409123338,66.58409692564668,0.32622610853360456
9270,2693.5343521791456,66.50360011001122,0.32583171761855734
9280,2690.2780049706334,66.42320061096676,0.32543780350223894
9290,2687.025594521693,66.34289831086247,0.3250443656082238
9300,2683.7771160729803,66.26269309218968,0.32465140336078313
9310,2680.5325648709063,66.18258483758189,0.32425891618488434
9320,2677.2919361676254,66.10257342981437,0.32386690350618963
9330,2674.055225221037,66.02265875180424,0.32347536475105604
9340,2670.822427294769,65.94284068661007,0.3230842993465338
9350,2667.593537658178,65.86311911743182,0.32269370672036585
9360,2664.3685515863394,65.78349392761073,0.32230358630098715
9370,2661.147464360039,65.70396500062895,0.3219139375175233
9380,2657.93027126577,65.62453222010961,0.3215247597997904
9390,2654.7169675957225,65.54519546981646,0.32113605257829364
9400,2651.5075486477795,65.46595463365381,0.3207478152842269
9410,2648.302009725507,65.3868095956663,0.32036004734947154
9420,2645.1003461381506,65.30776024003879,0.3199727482065959
9430,2641.902553200625,65.2288064510961,0.3195859172888541
9440,2638.7086262335097,65.14994811330294,0.31919955403018563
9450,2635.5185605630422,65.0711851112637,0.3188136578652143
9460,2632.3323515211086,64.99251732972225,0.3184282282292473
9470,2629.1499944452407,64.91394465356181,0.31804326455827475
9480,2625.9714846786046,64.83546696780476,0.3176587662889683
9490,2622.796817569998,64.75708415761251,0.31727473285868085
9500,2619.6259884738406,64.67879610828525,0.31689116370544546
9510,2616.4589927501697,64.60060270526192,0.3165080582679746
9520,2613.2958257646305,64.52250383411989,0.3161254159856593
9530,2610.1364828884725,64.44449938057488,0.3157432362985683
9540,2606.98095949854,64.3665892304808,0.31536151864744744
9550,2603.8292509772655,64.28877326982948,0.3149802624737183
9560,2600.6813527126674,64.21105138475069,0.3145994672194782
9570,2597.537260098335,64.13342346151175,0.3142191323274985
9580,2594.3969685334314,64.0558893865176,0.31383925724122463
9590,2591.2604734226784,63.9784490463104,0.3134598414047746
9600,2588.1277701763543,63.90110232756953,0.31308088426293856
9610,2584.9988542102856,63.823849117111344,0.3127023852611778
9620,2581.873720945843,63.74668930188908,0.31232434384562413
9630,2578.7523658099303,63.669622768992575,0.31194675946307887
9640,2575.6347842349796,63.59264940564819,0.3115696315610121
9650,2572.5209716589484,63.515769099218694,0.3111929595875621
9660,2569.410923525304,63.438981737202894,0.310816742991534
9670,2566.304635283028,63.362287207235745,0.31044098122239955
9680,2563.2021023865996,63.28568539708793,0.3100656737302959
9690,2560.103320295996,63.20917619466591,0.30969081996602515
9700,2557.008284476681,63.13275948801156,0.3093164193810531
9710,2553.9169903996035,63.05643516530222,0.3089424714275089
9720,2550.8294335411842,62.98020311485032,0.30856897555818397
9730,2547.7456093833143,62.904063225103364,0.3081959312265312
9740,2544.6655134133475,62.8280153846437,0.3078233378866645
9750,2541.5891411240923,62.75205948218839,0.3074511949933573
9760,2538.5164880138072,62.67619540658904,0.3070795020020427
9770,2535.447549586191,62.600423046831565,0.3067082583688116
9780,2532.3823213503815,62.52474229203619,0.30633746355041297
9790,2529.3207988209424,62.449153031457094,0.30596711700425216
9800,2526.262977517862,62.3736551544824,0.3055972181883907
9810,2523.208852966545,62.29824855063394,0.3052277665615452
9820,2520.158420697803,62.2229331095671,0.30485876158308667
9830,2517.111676247855,62.14770872107069,0.3044902027130399
9840,2514.0686151583122,62.072575275066725,0.3041220894120821
9850,2511.0292329761787,61.99753266161033,0.30375442114154283
9860,2507.99352525384,61.92258077088951,0.30338719736340264
9870,2504.961487549061,61.847719493225114,0.30302041754029285
9880,2501.9331154249735,61.77294871907044,0.30265408113549397
9890,2498.908404450077,61.69826833901138,0.3022881876129358
9900,2495.8873501982252,61.62367824376598,0.3019227364371959
9910,2492.8699482486263,61.5491783241845,0.3015577270734995
9920,2489.8561941858293,61.47476847124908,0.3011931589877178
9930,2486.846083599723,61.400448576073664,0.30082903164636826
9940,2483.8396120855296,61.32621852990392,0.3004653445166131
9950,2480.836775243793,61.25207822411688,0.3001020970662586
9960,2477.837568680379,61.17802755022098,0.29973928876375466
9970,2474.8419880064616,61.10406639985574,0.2993769190781935
9980,2471.8500288385258,61.030194664791765,0.29901498747930955
9990,2468.8616867983524,60.95641223693045,0.29865349343747793
10000,2465.8769575130164,60.882719008303894,0.29829243642371434
10010,2462.895836614879,60.809114871074705,0.2979318159096738
10020,2459.9183197415823,60.735599717535884,0.29757163136765025
10030,2456.944402536043,60.662173440110664,0.2972118822705755
10040,2453.974080646443,60.58883593135227,0.29685256809201843
10050,2451.0073497262265,60.51558708394386,0.2964936883061846
10060,2448.044205434094,60.44242679069836,0.2961352423879151
10070,2445.084643433992,60.36935494455824,0.29577722981268595
10080,2442.12865939511,60.2963714385954,0.2954196500566072
10090,2439.1762489918733,60.22347616601102,0.29506250259642236
10100,2436.2274079039375,60.15066902013542,0.2947057869095075
10110,2433.2821318161796,60.077949894427825,0.2943495024738705
10120,2430.340416418693,60.00531868247628,0.2939936487681502
10130,2427.4022574067853,59.93277527799753,0.29363822527161604
10140,2424.4676504809645,59.860319574836744,0.29328323146416674
10150,2421.536591346937,59.78795146696744,0.2929286668263298
10160,2418.609075715602,59.71567084849136,0.2925745308392609
10170,2415.685099303043,59.6434776136382,0.2922208229847427
10180,2412.764657830524,59.57137165676559,0.2918675427451848
10190,2409.8477470244793,59.49935287235884,0.29151468960362203
10200,2406.9343626165128,59.42742115503086,0.2911622630437146
10210,2404.024500343385,59.35557639952191,0.29081026254974673
10220,2401.1181559470147,59.28381850069956,0.29045868760662624
10230,2398.215325174465,59.21214735355844,0.29010753769988357
10240,2395.316003777942,59.14056285322016,0.2897568123156712
10250,2392.4201875147874,59.06906489493308,0.28940651094076275
10260,2389.527872147471,58.997653374072236,0.28905663306255236
10270,2386.6390534435877,58.92632818613916,0.288707178169054
10280,2383.753727175846,58.855089226761656,0.2883581457489003
10290,2380.8718891220674,58.78393639169376,0.2880095352913424
10300,2377.9935350651776,58.71286957681555,0.28766134628624873
10310,2375.1186607932,58.641888678132936,0.28731357822410464
10320,2372.2472620992485,58.570993591777544,0.2869662305960111
10330,2369.3793347815267,58.500184214006644,0.2866193028936848
10340,2366.5148746433147,58.429460441202856,0.28627279460945654
10350,2363.6538774929672,58.35882216987409,0.28592670523627095
10360,2360.7963391439075,58.28826929665339,0.28558103426768583
10370,2357.942255414618,58.21780171829873,0.285235781197871
10380,2355.0916221286384,58.14741933169292,0.284890945521608
10390,2352.244435114556,58.07712203384344,0.28454652673428893
10400,2349.4006902060028,58.00690972188228,0.2842025243319163
10410,2346.560383241646,57.93678229306577,0.2838589378111015
10420,2343.7235100651847,57.866739644774476,0.2835157666690648
10430,2340.8900665253427,57.79678167451303,0.28317301040363424
10440,2338.060048475862,57.72690827990994,0.2828306685132448
10450,2335.2334517754975,57.65711935871752,0.28248874049693806
10460,2332.4102722880107,57.587414808811666,0.2821472258543611
10470,2329.590505882164,57.51779452819176,0.2818061240857659
10480,2326.774148431713,57.44825841498046,0.28146543469200863
10490,2323.961195815403,57.37880636742363,0.28112515717454895
10500,2321.151643916961,57.30943828389013,0.28078529103544914
10510,2318.3454886250906,57.240154062871696,0.28044583577737353
10520,2315.5427258334657,57.17095360298276,0.28010679090358764
10530,2312.743351440725,57.10183680296036,0.2797681559179576
10540,2309.9473613504647,57.032803561663926,0.27942993032494934
10550,2307.1547514712333,56.963853778075155,0.2790921136296277
10560,2304.365517716528,56.89498735129793,0.2787547053376562
10570,2301.5796560047816,56.826204180558015,0.2784177049552955
10580,2298.797162259367,56.75750416520311,0.2780811119894037
10590,2296.018032408581,56.68888720470252,0.2777449259474347
10600,2293.242262385645,56.620353198647116,0.2774091463374381
10610,2290.469848128697,56.55190204674916,0.277073772668058
10620,2287.700785580784,56.48353364884215,0.2767388044485327
10630,2284.935070689861,56.4152479048807,0.27640424118869394
10640,2282.1726994087767,56.347044714940324,0.27607008239896563
10650,2279.4136676952776,56.27892397921741,0.275736327590364
10660,2276.6579715119938,56.210885598028945,0.2754029762744961
10670,2273.905606826438,56.142929471812465,0.27507002796355967
10680,2271.156569610997,56.07505550112584,0.274737482170342
10690,2268.4108558429275,56.007263586647184,0.2744053384082195
10700,2265.668461504349,55.93955362917468,0.2740735961911568
10710,2262.929382582239,55.871925529626445,0.27374225503370625
10720,2260.193615068426,55.80437918904037,0.2734113144510069
10730,2257.461154959584,55.73691450857398,0.27308077395878416
10740,2254.7319982572276,55.66953138950434,0.27275063307334885
10750,2252.0061409677046,55.60222973322781,0.27242089131159636
10760,2249.2835791021917,55.53500944125999,0.27209154819100645
10770,2246.5643086766872,55.46787041523553,0.27176260322964196
10780,2243.848325712006,55.400812556908,0.2714340559461485
10790,2241.1356262337745,55.33383576814977,0.2711059058597536
10800,2238.426206272422,55.26693995095178,0.27077815249026593
10810,2235.720061863178,55.200125007423516,0.27045079535807476
10820,2233.0171890460656,55.13339083979278,0.2701238339841492
10830,2230.317583865896,55.06673735040562,0.2697972678900375
10840,2227.6212423722586,55.00016444172606,0.2694710965978662
10850,2224.928160619523,54.933672016336125,0.2691453196303399
10860,2222.2383346668257,54.86725997693556,0.26881993651073965
10870,2219.551760578069,54.80092822634175,0.26849494676292346
10880,2216.868434421913,54.73467666748959,0.26817034991132443
10890,2214.188352271772,54.66850520343131,0.2678461454809511
10900,2211.511510205805,54.60241373733631,0.26752233299738576
10910,2208.837904306914,54.53640217249113,0.2671989119867846
10920,2206.167530662737,54.470470412299186,0.2668758819758766
10930,2203.5003853656394,54.40461836028062,0.26655324249196266
10940,2200.836464512715,54.33884592007235,0.2662309930629156
10950,2198.1757642057705,54.27315299542766,0.2659091332171785
10960,2195.5182805513305,54.20753949021626,0.26558766248376503
10970,2192.8640096606223,54.14200530842404,0.26526658039225776
10980,2190.2129476495784,54.07655035415302,0.2649458864728084
10990,2187.565090638824,54.0111745316211,0.2646255802561365
11000,2184.9204347536756,53.945877745162,0.26430566127352884
11010,2182.278976124134,53.880659899225094,0.263986129056839
11020,2179.640710884877,53.815520898375254,0.26366698313848647
11030,2177.0056351752596,53.75046064729279,0.2633482230514562
11040,2174.3737451392985,53.68547905077316,0.2630298483292974
11050,2171.745036925677,53.620576013727,0.26271185850612344
11060,2169.119506687731,53.55575144117984,0.2623942531166108
11070,2166.4971505834487,53.49100523827207,0.2620770316959987
11080,2163.877964775462,53.42633731025873,0.26176019378008797
11090,2161.2619454310434,53.36174756250946,0.26144373890524086
11100,2158.6490887220975,53.29723590050822,0.26112766660837994
11110,2156.039390825157,53.23280222985329,0.2608119764269877
11120,2153.4328479213796,53.168446456257094,0.260496667899106
11130,2150.829456196535,53.10416848554597,0.2601817405633348
11140,2148.2292118410082,53.03996822366018,0.2598671939588322
11150,2145.6321110497884,52.975845576653676,0.2595530276253131
11160,2143.038150022465,52.91180045069398,0.2592392411030493
11170,2140.4473249632206,52.84783275206204,0.25892583393286794
11180,2137.859632080829,52.783942387152145,0.25861280565615163
11190,2135.275067588646,52.72012926247169,0.2583001558148371
11200,2132.6936277046066,52.65639328464118,0.2579878839514153
11210,2130.115308651215,52.59273436039392,0.25767598960892973
11220,2127.5401066555455,52.52915239657603,0.25736447233097676
11230,2124.9680179492334,52.46564730014625,0.2570533316617044
11240,2122.399038768467,52.402218978175746,0.2567425671458117
11250,2119.8331653539885,52.338867337848114,0.25643217832854825
11260,2117.270393951081,52.27559228645905,0.2561221647557132
11270,2114.7107208095717,52.21239373141647,0.25581252597365517
11280,2112.1541421838165,52.14927158024009,0.2555032615292709
11290,2109.6006543327026,52.0862257405615,0.25519437097000497
11300,2107.050253519639,52.02325612012396,0.2548858538438492
11310,2104.502936012553,51.960362626782235,0.25457770969934174
11320,2101.9586980838835,51.89754516850253,0.2542699380855667
11330,2099.4175360105737,51.83480365336224,0.253962538552153
11340,2096.879446074072,51.77213798955001,0.2536555106492745
11350,2094.3444245603177,51.709548085365356,0.2533488539276484
11360,2091.812467759744,51.64703384921872,0.2530425679385354
11370,2089.283571967266,51.584595189631266,0.2527366522337386
11380,2086.757733482281,51.522232015234756,0.2524311063656029
11390,2084.2349486086555,51.459944234771356,0.2521259298870143
11400,2081.7152136547306,51.397731757093666,0.25182112235139975
11410,2079.1985249333047,51.33559449116436,0.25151668331272553
11420,2076.6848787616373,51.27353234605624,0.2512126123254975
11430,2074.1742714614397,51.211545230952055,0.25090890894476015
11440,2071.6666993588688,51.14963305514428,0.25060557272609557
11450,2069.1621587845243,51.087795728035104,0.25030260322562353
11460,2066.66064607344,51.02603315913619,0.25
11470,2064.1621575650843,50.96434525806868,0.2496977626064174
11480,2061.666689603346,50.902731934562894,0.249395890602603
11490,2059.1742385365387,50.84119309845834,0.2490943835468192
11500,2056.684800717387,50.779728659703494,0.2487932409978621
11510,2054.1983725030273,50.71833852835571,0.24849246251506135
11520,2051.714950254999,50.6570226145811,0.24819204765827943
11530,2049.2345303392403,50.59578082865434,0.24789199598791067
11540,2046.7571091260834,50.53461308095862,0.24759230706488114
11550,2044.282682990247,50.473519281985425,0.2472929804506475
11560,2041.8112483108346,50.412499342334506,0.24699401570719673
11570,2039.3428014713254,50.351553172713636,0.2466954123970453
11580,2036.8773388595725,50.290680683938604,0.24639717008323858
11590,2034.4148568677942,50.22988178693295,0.24609928832935013
11600,2031.9553518925723,50.16915639272796,0.2458017666994813
11610,2029.4988203348425,50.108504412462445,0.24550460475826022
11620,2027.0452585998942,50.04792575738265,0.2452078020708415
11630,2024.5946630973608,49.98742033884213,0.2449113582029054
11640,2022.1470302412172,49.9269880683016,0.24461527272065725
11650,2019.702356449773,49.86662885732881,0.24431954519082685
11660,2017.2606381456685,49.806342617598446,0.24402417518066774
11670,2014.8218717558686,49.74612926089194,0.2437291622579567
11680,2012.3860537116568,49.68598869909737,0.24343450599099295
11690,2009.9531804486335,49.62592084420941,0.24314020594859778
11700,2007.5232484067053,49.56592560832903,0.24284626170011353
11710,2005.096254030085,49.506002903663536,0.24255267281540335
11720,2002.6721937672835,49.44615264252634,0.24225943886485043
11730,2000.2510640711043,49.38637473733686,0.24196655941935716
11740,1997.8328613986414,49.32666910062043,0.2416740340503449
11750,1995.4175822112697,49.267035645008086,0.24138186232975295
11760,1993.0052229746439,49.20747428323653,0.2410900438300383
11770,1990.5957801586894,49.14798492814791,0.24079857812417457
11780,1988.1892502376027,49.08856749268983,0.24050746478565196
11790,1985.7856296898387,49.02922188991503,0.24021670338847598
11800,1983.3849149981133,48.969948032981456,0.23992629350716738
11810,1980.9871026493925,48.910745835151985,0.23963623471676113
11820,1978.5921891348898,48.85161520979438,0.23934652659280609
11830,1976.2001709500614,48.79255607038114,0.2390571687113642
11840,1973.811044594599,48.73356833048935,0.2387681606490099
11850,1971.4248065724273,48.67465190380059,0.23847950198282958
11860,1969.0414533916965,48.61580670410079,0.23819119229042082
11870,1966.6609815647794,48.55703264528013,0.23790323114989204
11880,1964.2833876082639,48.49832964133286,0.23761561813986148
11890,1961.9086680429502,48.43969760635723,0.237328352839457
11900,1959.5368193938439,48.38113645455531,0.2370414348283151
11910,1957.1678381901522,48.32264610023294,0.23675486368658066
11920,1954.8017209652787,48.26422645779953,0.23646863899490608
11930,1952.4384642568168,48.205877441767974,0.23618276033445063
11940,1950.078064606547,48.14759896675452,0.2358972272868801
11950,1947.7205185604294,48.08939094747862,0.23561203943436582
11960,1945.3658226686007,48.03125329876284,0.2353271963595845
11970,1943.0139734853678,47.97318593553273,0.2350426976457171
11980,1940.6649675692045,47.91518877281669,0.23475854287644882
11990,1938.318801482743,47.857261725745815,0.23447473163596783
12000,1935.9754717927735,47.79940470955385,0.23419126350896524
12010,1933.6349750702348,47.741617639576965,0.2339081380806341
12020,1931.2973078902128,47.68390043125375,0.23362535493666903
12030,1928.9624668319332,47.62625300012496,0.2333429136632655
12040,1926.6304484787565,47.568675261833484,0.2330608138471192
12050,1924.3012494181758,47.51116713212422,0.2327790550754256
12060,1921.9748662418076,47.45372852684388,0.23249763693587905
12070,1919.6512955453907,47.39635936194096,0.23221655901667257
12080,1917.3305339287776,47.33905955346552,0.2319358209064968
12090,1915.0125779959333,47.281829017569144,0.23165542219453988
12100,1912.6974243549273,47.22466767050478,0.2313753624704864
12110,1910.3850696179297,47.167575428626606,0.23109564132451707
12120,1908.0755104012078,47.11055220838997,0.23081625834730815
12130,1905.7687433251174,47.053597926351145,0.23053721313003056
12140,1903.4647650141019,46.996712499167366,0.23025850526434966
12150,1901.1635720966844,46.939895843596545,0.22998013434242429
12160,1898.8651612054655,46.88314787649731,0.22970209995690652
12170,1896.5695289771147,46.82646851482874,0.22942440170094075
12180,1894.2766720523696,46.769857675650336,0.22914703916816337
12190,1891.986587076027,46.71331527612184,0.22887001195270185
12200,1889.699270696942,46.656841233503194,0.22859331964917456
12210,1887.4147195680202,46.60043546515435,0.22831696185268988
12220,1885.1329303462128,46.54409788853512,0.22804093815884557
12230,1882.8538996925142,46.48782842120517,0.2277652481637285
12240,1880.5776242719542,46.4316269808238,0.22748989146391363
12250,1878.3041007535949,46.37549348514985,0.22721486765646381
12260,1876.0333258105252,46.319427852041606,0.22694017633892893
12270,1873.7652961198564,46.26342999945664,0.22666581710934547
12280,1871.5000083627167,46.20749984545172,0.2263917895662358
12290,1869.237459224247,46.151637308182686,0.22611809330860777
12300,1866.9776453935947,46.09584230590429,0.22584472793595384
12310,1864.7205635639111,46.04011475697015,0.22557169304825084
12320,1862.4662104323452,45.98445457983258,0.22529898824595912
12330,1860.2145827000377,45.928861693042464,0.22502661313002204
12340,1857.9656770721188,45.873336015249166,0.22475456730186544
12350,1855.7194902577014,45.817877465200404,0.22448285036339696
12360,1853.4760189698773,45.762485961742115,0.2242114619170056
12370,1851.2352599257115,45.707161423818356,0.22394040156556097
12380,1848.9972098462385,45.65190377047117,0.22366966891241288
12390,1846.7618654564565,45.596712920840474,0.22339926356139053
12400,1844.5292234853225,45.54158879416394,0.2231291851168022
12410,1842.2992806657496,45.4865313097769,0.22285943318343449
12420,1840.072033734599,45.431540387112165,0.2225900073665518
12430,1837.847479432678,45.37661594569999,0.22232090727189577
12440,1835.625614504733,45.32175790516786,0.2220521325056846
12450,1833.4064356994472,45.26696618524049,0.22178368267461265
12460,1831.189939769433,45.2122407057396,0.22151555738584966
12470,1828.9761234712303,45.157581386583864,0.22124775624704043
12480,1826.7649835652987,45.10298814778875,0.22098027886630395
12490,1824.5565168160156,45.04846090946645,0.2207131248522331
12500,1822.3507199916685,44.99399959182569,0.22044629381389377
12510,1820.147589864453,44.93960411517171,0.22017978536082466
12520,1817.9471232104677,44.885274399906095,0.2199135991030365
12530,1815.7493168097067,44.83101036652661,0.21964773465101134
12540,1813.5541674460585,44.77681193562719,0.21938219161570233
12550,1811.3616719072988,44.722679027897726,0.21911696960853277
12560,1809.1718269850878,44.66861156412402,0.21885206824139594
12570,1806.984629474963,44.61460946518763,0.2185874871266541
12580,1804.8000761763376,44.560672652065776,0.21832322587713837
12590,1802.6181638924918,44.50680104583116,0.21805928410614767
12600,1800.4388894305735,44.452994567651984,0.2177956614274487
12610,1798.262249601588,44.3992531387917,0.21753235745527494
12620,1796.088241220397,44.34557668060896,0.2172693718043262
12630,1793.9168611057137,44.29196511455749,0.2170067040897683
12640,1791.7481060800949,44.23841836218597,0.21674435392723204
12650,1789.581972969942,44.18493634513795,0.21648232093281317
12660,1787.4184586054898,44.131518985151665,0.2162206047230713
12670,1785.2575598208084,44.07816620406001,0.21595920491502987
12680,1783.0992734537922,44.02487792379033,0.21569812112617504
12690,1780.9435963461613,43.97165406636441,0.21543735297445565
12700,1778.7905253434515,43.918494553898256,0.21517690007828225
12710,1776.6400572950138,43.86539930860207,0.2149167620565268
12720,1774.4921890540083,43.8123682527801,0.21465693852852205
12730,1772.3469174773984,43.75940130883048,0.21439742911406084
12740,1770.204239425948,43.706498399245206,0.21413823343339583
12750,1768.0641517642155,43.65365944660996,0.2138793511072386
12760,1765.926651360551,43.600884373604,0.21362078175675941
12770,1763.7917350870894,43.54817310300009,0.21336252500358638
12780,1761.659399819748,43.495525557664344,0.21310458046980518
12790,1759.5296424382202,43.442941660556116,0.2128469477779583
12800,1757.402459825972,43.39042133472791,0.21258962655104452
12810,1755.2778488702381,43.33796450332527,0.21233261641251855
12820,1753.1558064620142,43.28557108958661,0.2120759169862901
12830,1751.0363294960569,43.2332410168432,0.21181952789672376
12840,1748.919414870875,43.180974208518954,0.21156344876863808
12850,1746.8050594887284,43.128770588130386,0.21130767922730534
12860,1744.6932602556205,43.07663007928645,0.21105221889845066
12870,1742.5840140812973,43.024552605688505,0.21079706740825185
12880,1740.477317879238,42.97253809113008,0.21054222438333847
12890,1738.3731685666562,42.92058645949692,0.21028768945079165
12900,1736.2715630644893,42.868697634766676,0.21003346223814312
12910,1734.1724982974,42.816871541009014,0.2097795423733751
12920,1732.0759711937676,42.76510810238535,0.20952592948491955
12930,1729.9819786856842,42.71340724314875,0.2092726232016575
12940,1727.8905177089528,42.661768887643944,0.2090196231529188
12950,1725.8015852030783,42.61019296030703,0.2087669289684813
12960,1723.7151781112682,42.55867938566553,0.20851454027857058
12970,1721.631293380423,42.507228088338145,0.208262456713859
12980,1719.5499279611365,42.455838993034774,0.20801067790546576
12990,1717.4710788076877,42.4045120245563,0.20775920348495572
13000,1715.3947428780375,42.3532471077945,0.20750803308433927
13010,1713.3209171338265,42.30204416773202,0.2072571663360718
13020,1711.2495985403655,42.25090312944212,0.2070066028730528
13030,1709.1807840666368,42.1998239180887,0.2067563423286258
13040,1707.114470685285,42.14880645892609,0.20650638433657742
13050,1705.0506553726166,42.09785067729903,0.2062567285311372
13060,1702.9893351085916,42.04695649864247,0.20600737454697662
13070,1700.9305068768224,41.99612384848154,0.2057583220192091
13080,1698.8741676645675,41.94535265243138,0.20550957058338895
13090,1696.8203144627282,41.89464283619708,0.20526111987551132
13100,1694.768944265843,41.84399432557352,0.20501296953201117
13110,1692.7200540720835,41.79340704644532,0.20476511918976315
13120,1690.6736408832523,41.74288092478669,0.20451756848608094
13130,1688.6297017047743,41.69241588666133,0.20427031705871654
13140,1686.5882335456963,41.64201185822234,0.20402336454586004
13150,1684.5492334186802,41.59166876571207,0.2037767105861388
13160,1682.5126983399998,41.54138653546207,0.2035303548186172
13170,1680.4786253295354,41.4911650938929,0.20328429688279584
13180,1678.4470114107717,41.44100436751416,0.2030385364186113
13190,1676.41785361079,41.39090428292422,0.2027930730664353
13200,1674.391148960267,41.34086476681022,0.2025479064670744
13210,1672.3668944934684,41.290885745947925,0.2023030362617695
13220,1670.3450872482456,41.240967147201616,0.202058462092195
13230,1668.3257242660318,41.19110889752403,0.20181418360045875
13240,1666.3088025918353,41.141310923956155,0.20157020042910107
13250,1664.294319274239,41.091573153627245,0.2013265122210946
13260,1662.2822713653911,41.04189551375458,0.2010831186198434
13270,1660.2726559210066,40.99227793164351,0.20084001926918288
13280,1658.2654700003577,40.942720334687195,0.2005972138133788
13290,1656.2607106662736,40.89322265036664,0.2003547018971272
13300,1654.2583749851333,40.843784806250476,0.20011248316555355
13310,1652.2584600268617,40.7944067299949,0.19987055726421227
13320,1650.2609628649284,40.745088349343604,0.1996289238390865
13330,1648.265880576338,40.695829592127595,0.19938758253658712
13340,1646.273210241632,40.646630386265166,0.19914653300355273
13350,1644.2829489448782,40.59749065976171,0.19890577488724864
13360,1642.2950937736723,40.54841034070971,0.19866530783536682
13370,1640.309641819129,40.499389357288514,0.19842513149602495
13380,1638.3265901758814,40.45042763776437,0.19818524551776634
13390,1636.3459359420735,40.4015251104902,0.197945649549559
13400,1634.3676762193586,40.35268170390556,0.19770634324079545
13410,1632.3918081128936,40.30389734653653,0.19746732624129204
13420,1630.4183287313344,40.25517196699556,0.1972285982012884
13430,1628.447235186834,40.20650549398146,0.19699015877144713
13440,1626.4785245950347,40.157897856279185,0.19675200760285305
13450,1624.5121940750678,40.109348982759826,0.1965141443470129
13460,1622.5482407495456,40.06085880238043,0.1962765686558546
13470,1620.5866617445608,40.01242724418398,0.19603928018172706
13480,1618.6274541896785,39.96405423729918,0.19580227857739924
13490,1616.6706152179358,39.91573971094047,0.1955655634960601
13500,1614.7161419658355,39.867483594407844,0.19532913459131784
13510,1612.7640315733406,39.81928581708674,0.19509299151719925
13520,1610.8142811838748,39.77114630844803,0.19485713392814968
13530,1608.8668879443114,39.72306499804778,0.19462156147903192
13540,1606.9218490049766,39.67504181552729,0.1943862738251263
13550,1604.9791615196393,39.62707669061285,0.19415127062212967
13560,1603.0388226455107,39.57916955311577,0.1939165515261553
13570,1601.1008295432378,39.53132033293217,0.19368211619373207
13580,1599.165179376901,39.48352896004294,0.19344796428180422
13590,1597.2318693140091,39.43579536451363,0.1932140954477306
13600,1595.3008965254942,39.388119476494296,0.19298050934928435
13610,1593.3722581857107,39.340501226219516,0.19274720564465245
13620,1591.4459514724265,39.29294054400811,0.1925141839924349
13630,1589.5219735668238,39.24543736026324,0.19228144405164466
13640,1587.600321653491,39.197991605472126,0.1920489854817067
13650,1585.680992920421,39.15060321020608,0.191816807942458
13660,1583.7639845590054,39.10327210512031,0.19158491109414647
13670,1581.8492937640328,39.055998220953896,0.19135329459743106
13680,1579.9369177336814,39.00878148852961,0.1911219581133807
13690,1578.0268536695178,38.96162183875389,0.19089090130347428
13700,1576.1190987764917,38.914519202616695,0.19066012382959985
13710,1574.2136502629314,38.86747351119141,0.19042962535405422
13720,1572.3105053405407,38.820484695634754,0.1901994055395425
13730,1570.4096612243934,38.77355268718665,0.1899694640491775
13740,1568.5111151329315,38.72667741717019,0.18973980054647946
13750,1566.6148642879587,38.67985881699146,0.1895104146953752
13760,1564.7209059146378,38.63309681813949,0.189281306160198
13770,1562.8292372414858,38.58639135218612,0.18905247460568686
13780,1560.9398555003716,38.53974235078595,0.1888239196969862
13790,1559.0527579265083,38.49314974567615,0.18859564109964505
13800,1557.1679417584537,38.44661346867645,0.188367638479617
13810,1555.2854042381039,38.40013345168906,0.18813991150325943
13820,1553.4051426106873,38.35370962669839,0.18791245983733293
13830,1551.5271541247653,38.3073419257712,0.18768528314900118
13840,1549.6514360322235,38.26103028105629,0.18745838110583005
13850,1547.7779855882716,38.21477462478456,0.18723175337578746
13860,1545.9068000514362,38.16857488926878,0.1870053996272426
13870,1544.0378766835593,38.1224310069036,0.18677931952896573
13880,1542.1712127497922,38.076342910165344,0.1865535127501274
13890,1540.3068055185934,38.03031053161204,0.18632797896029824
13900,1538.444652261723,37.984333803883175,0.1861027178294483
13910,1536.5847502542397,37.938412659699736,0.18587772902794658
13920,1534.727096774497,37.89254703186402,0.18565301222656072
13930,1532.8716891041377,37.846736853259536,0.1854285670964562
13940,1531.0185245280918,37.800982056850984,0.18520439330919622
13950,1529.167600334571,37.75528257568407,0.18498049053674087
13960,1527.3189138150667,37.70963834288548,0.18475685845144704
13970,1525.4724622643425,37.66404929166267,0.18453349672606748
13980,1523.628242980435,37.61851535530395,0.18431040503375076
13990,1521.7862532646457,37.573036467178206,0.1840875830480405
14000,1519.946490421539,37.527612560734894,0.18386503044287497
14010,1518.1089517589385,37.48224356950395,0.18364274689258678
14020,1516.273634587922,37.43692942709564,0.18342073207190207
14030,1514.4405362228183,37.39167006720051,0.18319898565594034
14040,1512.6096539812024,37.34646542358925,0.18297750732021376
14050,1510.7809851838936,37.30131543011265,0.18275629674062693
14060,1508.9545271549484,37.25622002070144,0.18253535359347609
14070,1507.1302772216604,37.21117912936625,0.18231467755544897
14080,1505.3082327145523,37.166192690197455,0.18209426830362407
14090,1503.4883909673754,37.12126063736515,0.18187412551547033
14100,1501.6707493171043,37.07638290511898,0.18165424886884665
14110,1499.8553051039328,37.031559427788125,0.1814346380420013
14120,1498.0420556712697,36.9867901397811,0.1812152927135716
14130,1496.2309983657365,36.942074975585754,0.1809962125625833
14140,1494.422130537162,36.89741386976913,0.18077739726845032
14150,1492.6154495385786,36.852806756977365,0.180558846510974
14160,1490.8109527262197,36.80825357193563,0.18034055997034296
14170,1489.0086374595137,36.76375424944798,0.18012253732713224
14180,1487.2085011010827,36.71930872439732,0.17990477826230328
14190,1485.4105410167354,36.67491693174524,0.17968728245720297
14200,1483.6147545754668,36.63057880653199,0.1794700495935637
14210,1481.8211391494524,36.586294283876356,0.1792530793535025
14220,1480.0296921140432,36.54206329897552,0.17903637141952058
14230,1478.2404108477654,36.49788578710506,0.17881992547450326
14240,1476.4532927323125,36.45376168361877,0.178603741201719
14250,1474.6683351525448,36.40969092394862,0.17838781828481937
14260,1472.885535496483,36.36567344360459,0.17817215640783812
14270,1471.1048911553069,36.3217091781747,0.1779567552551913
14280,1469.326399523349,36.27779806332479,0.17774161451167628
14290,1467.5500579980924,36.23394003479847,0.17752673386247153
14300,1465.7758639801666,36.19013502841708,0.17731211299313618
14310,1464.0038148733433,36.1463829800795,0.17709775158960944
14320,1462.233908084534,36.10268382576215,0.1768836493382103
14330,1460.4661410237834,36.059037501518794,0.1766698059256368
14340,1458.7005111042683,36.01544394348056,0.17645622103896594
14350,1456.937015742293,35.971903087855765,0.17624289436565288
14360,1455.175652357285,35.92841487092984,0.17602982559353073
14370,1453.416418371791,35.88497922906525,0.1758170144108099
14380,1451.6593112114754,35.84159609870141,0.1756044605060779
14390,1449.9043283051128,35.798265416354546,0.17539216356829848
14400,1448.1514670845881,35.75498711861767,0.17518012328681165
14410,1446.40072498489,35.71176114216042,0.17496833935133288
14420,1444.652099444108,35.66858742372901,0.17475681145195274
14430,1442.9055879034293,35.62546590014612,0.17454553927913652
14440,1441.161187807134,35.5823965083108,0.1743345225237237
14450,1439.418896602593,35.53937918519842,0.17412376087692752
14460,1437.6787117402614,35.49641386786049,0.17391325403033447
14470,1435.9406306736792,35.453500493424684,0.17370300167590408
14480,1434.2046508594617,35.410638999094616,0.173493003505968
14490,1432.470769757302,35.36782932214988,0.1732832592132301
14500,1430.738984829963,35.32507139994588,0.17307376849076567
14510,1429.0092935432745,35.28236516991371,0.17286453103202093
14520,1427.2816933661309,35.23971056956017,0.17265554653081291
14530,1425.5561817704859,35.197107536467556,0.17244681468132864
14540,1423.8327562313502,35.15455600829368,0.172238335178125
14550,1422.1114142267859,35.11205592277166,0.17203010771612795
14560,1420.3921532379059,35.06960721770996,0.1718221319906325
14570,1418.6749707488661,35.027209830992156,0.17161440769730182
14580,1416.9598642468657,34.98486370057699,0.17140693453216715
14590,1415.246831222141,34.94256876449817,0.1711997121916272
14600,1413.5358691679621,34.9003249608643,0.17099274037244758
14610,1411.8269755806305,34.85813222785887,0.1707860187717607
14620,1410.1201479594738,34.81599050374004,0.17057954708706494
14630,1408.415383806843,34.77389972684064,0.1703733250162245
14640,1406.712680628109,34.73185983556806,0.17016735225746885
14650,1405.0120359316581,34.689870768404134,0.16996162850939223
14660,1403.313447228889,34.647932463905086,0.1697561534709532
14670,1401.6169120342092,34.60604486070141,0.16955092684147452
14680,1399.9224278650308,34.5642078974978,0.16934594832064215
14690,1398.2299922417671,34.522421513073034,0.16914121760850526
14700,1396.5396026878304,34.48068564627995,0.1689367344054757
14710,1394.8512567296248,34.439000236045246,0.16873249841232738
14720,1393.164951896547,34.39736522136951,0.16852850933019606
14730,1391.4806857209794,34.355780541327036,0.16832476686057873
14740,1389.7984557382877,34.3142461350658,0.16812127070533334
14750,1388.1182594868174,34.27276194180733,0.16791802056667818
14760,1386.4400945078903,34.23132790084666,0.16771501614719167
14770,1384.7639583458001,34.18994395155215,0.16751225714981166
14780,1383.0898485478092,34.14861003336553,0.1673097432778352
14790,1381.4177626641465,34.107326085801716,0.16710747423491812
14800,1379.7476982480007,34.06609204844872,0.16690544972507432
14810,1378.0796528555202,34.024907860967645,0.16670366945267573
14820,1376.4136240458065,33.98377346309248,0.16650213312245155
14830,1374.7496093809136,33.94268879463013,0.16630084043948803
14840,1373.0876064258414,33.90165379546023,0.16609979110922787
14850,1371.4276127485343,33.8606684055351,0.16589898483746998
14860,1369.7696259198765,33.81973256487968,0.16569842133036883
14870,1368.1136435136898,33.77884621359139,0.16549810029443424
14880,1366.4596631067277,33.738009291840086,0.16529802143653072
14890,1364.8076822786747,33.69722173986795,0.1650981844638773
14900,1363.1576986121408,33.65648349798941,0.16489858908404695
14910,1361.509709692658,33.615794506591044,0.16469923500496605
14920,1359.863713108678,33.57515470613152,0.16450012193491423
14930,1358.2197064515676,33.53456403714146,0.16430124958252368
14940,1356.5776873156055,33.49402244022339,0.1641026176567789
14950,1354.9376532979788,33.45352985605166,0.16390422586701617
14960,1353.29960199878,33.41308622537234,0.16370607392292327
14970,1351.6635310210013,33.37269148900309,0.1635081615345388
14980,1350.0294379705351,33.33234558783319,0.16331048841225201
14990,1348.397320456167,33.292048462823345,0.1631130542668023
15000,1346.7671760895728,33.25180005500561,0.16291585880927867
15010,1345.1390024853167,33.21160030548338,0.16271890175111947
15020,1343.5127972608466,33.17144915543123,0.1625221828041119
15030,1341.8885580364904,33.131346546094846,0.1623257016803916
15040,1340.266282435453,33.091292418790935,0.16212945809244214
15050,1338.645968083813,33.05128671490719,0.16193345175309484
15060,1337.0276126105184,33.01132937590212,0.16173768237552802
15070,1335.4112136473848,32.97142034330504,0.16154214967326694
15080,1333.7967688290892,32.93155955871592,0.16134685336018295
15090,1332.1842757931695,32.89174696380536,0.16115179315049355
15100,1330.5737321800198,32.851982500314485,0.16095696875876167
15110,1328.965135632885,32.81226611005481,0.1607623798998952
15120,1327.3584837978615,32.77259773490824,0.16056802628914685
15130,1325.7537743238897,32.732977316826904,0.16037390764211346
15140,1324.1510048627538,32.69340479783316,0.1601800236747358
15150,1322.5501730690753,32.653880120019394,0.15998637410329794
15160,1320.9512766003124,32.61440322554805,0.15979295864442705
15170,1319.354313116755,32.57497405665148,0.15959977701509284
15180,1317.7592802815211,32.53559255563185,0.15940682893260716
15190,1316.1661757605546,32.49625866486113,0.1592141141146237
15200,1314.5749972226204,32.45697232678091,0.15902163227913738
15210,1312.9857423393025,32.41773348390239,0.15882938314448417
15220,1311.398408784999,32.378542078806255,0.15863736642934043
15230,1309.8129942369205,32.339398054142634,0.15844558185272276
15240,1308.2294963750849,32.30030135263096,0.1582540291339873
15250,1306.6479128823155,32.26125191705995,0.15806270799282968
15260,1305.0682414442365,32.22224969028745,0.1578716181492842
15270,1303.4904797492702,32.183294615240406,0.15768075932372375
15280,1301.914625488633,32.144386634914746,0.15749013123685918
15290,1300.3406763563335,32.10552569237534,0.15729973360973906
15300,1298.7686300491678,32.066711730755884,0.15710956616374927
15310,1297.1984842667157,32.0279446932588,0.15691962862061232
15320,1295.6302367113392,31.9892245231552,0.1567299207023873
15330,1294.0638850881771,31.950551163784766,0.15654044213146928
15340,1292.499427105143,31.91192455855568,0.15635119263058891
15350,1290.9368604729216,31.87334465094454,0.15616217192281207
15360,1289.3761829049652,31.834811384496287,0.15597337973153944
15370,1287.81739211749,31.7963247028241,0.15578481578050607
15380,1286.260485829474,31.757884549609344,0.15559647979378102
15390,1284.705461762652,31.719490868601447,0.155408371495767
15400,1283.152317641514,31.681143603617873,0.15522049061119977
15410,1281.6010511933,31.642842698543973,0.155032836865148
15420,1280.051660147998,31.604588097332954,0.15484540998301258
15430,1278.5041422383408,31.566379744005786,0.15465820969052657
15440,1276.9584951998017,31.52821758265111,0.15447123571375446
15450,1275.4147167705921,31.49010155742516,0.15428448777909198
15460,1273.8728046916572,31.452031612551682,0.1540979656132656
15470,1272.3327567066738,31.41400769232185,0.15391166894333225
15480,1270.7945705620464,31.3760297410942,0.1537255974966787
15490,1269.2582440069034,31.338097703294512,0.15353975100102132
15500,1267.7237747930958,31.300211523415786,0.15335412918440583
15510,1266.1911606751908,31.262371146018094,0.15316873177520648
15520,1264.6603994104712,31.224576515728547,0.15298355850212608
15530,1263.131488758931,31.1868275772412,0.15279860909419535
15540,1261.6044264832724,31.14912427531697,0.1526138832807726
15550,1260.0792103489018,31.111466554783558,0.15242938079154336
15560,1258.5558381239275,31.073854360535346,0.15224510135651995
15570,1257.0343075791561,31.036287637533363,0.15206104470604104
15580,1255.5146164880891,30.99876633080516,0.1518772105707714
15590,1253.9967626269201,30.961290385444762,0.15169359868170135
15600,1252.4807437745303,30.92385974661255,0.1515102087701464
15610,1250.966557712487,30.886474359535228,0.151327040567747
15620,1249.4542022250384,30.84913416950569,0.1511440938064679
15630,1247.9436750991129,30.811839121882997,0.15096136821859799
15640,1246.434974124313,30.774589162092248,0.1507788635367497
15650,1244.9280970929149,30.737384235624543,0.15059657949385893
15660,1243.423041799862,30.700224288036843,0.15041451582318416
15670,1241.9198060427648,30.66310926495196,0.15023267225830655
15680,1240.4183876218967,30.626039112058443,0.15005104853312934
15690,1238.9187843401894,30.58901377511049,0.14986964438187733
15700,1237.420994003231,30.552033199927873,0.1496884595390968
15710,1235.9250144192629,30.515097332395882,0.14950749373965477
15720,1234.4308433991764,30.47820611846523,0.149326746718739
15730,1232.9384787565082,30.441359504151947,0.14914621821185717
15740,1231.4479183074397,30.40455743553736,0.14896590795483694
15750,1229.9591598707912,30.367799858767942,0.14878581568382512
15760,1228.4722012680215,30.331086720055332,0.14860594113528774
15770,1226.9870403232214,30.294417965676136,0.14842628404600922
15780,1225.5036748631132,30.25779354197193,0.1482468441530923
15790,1224.0221027170471,30.221213395349185,0.14806762119395758
15800,1222.542321716996,30.18467747227912,0.14788861490634297
15810,1221.0643296975552,30.148185719297704,0.14770982502830363
15820,1219.5881244959367,30.11173808300551,0.14753125129821118
15830,1218.1137039519688,30.07533451006771,0.14735289345475375
15840,1216.6410659080896,30.03897494721391,0.14717475123693521
15850,1215.1702082093468,30.002659341238147,0.14699682438407513
15860,1213.7011287033927,29.966387638998764,0.14681911263580802
15870,1212.233825240482,29.93015978741837,0.14664161573208334
15880,1210.7682956734684,29.89397573348372,0.1464643334131649
15890,1209.3045378578008,29.857835424245675,0.1462872654196304
15900,1207.8425496515217,29.821738806819102,0.1461104114923714
15910,1206.382328915262,29.785685828382796,0.1459337713725924
15920,1204.9238735122399,29.749676436179428,0.14575734480181105
15930,1203.4671813082564,29.71371057751543,0.1455811315218573
15940,1202.0122501716928,29.67778819976096,0.1454051312748734
15950,1200.5590779735073,29.64190925034978,0.14522934380331312
15960,1199.1076625872327,29.606073676779225,0.1450537688499418
15970,1197.658001888971,29.57028142661008,0.1448784061578356
15980,1196.2100937573937,29.53453244746654,0.14470325547038138
15990,1194.7639360737357,29.498826687036125,0.1445283165312762
16000,1193.3195267217936,29.463164093069572,0.14435358908452697
16010,1191.876863587923,29.427544613380828,0.14417907287445014
16020,1190.4359445610337,29.39196819584688,0.1440047676456712
16030,1188.996767532589,29.35643478840778,0.1438306731431244
16040,1187.5593303965998,29.32094433906646,0.1436567891120523
16050,1186.1236310496245,29.285496795888776,0.1434831152980056
16060,1184.6896673907634,29.250092107003322,0.1433096514468424
16070,1183.2574373216573,29.214730220601428,0.14313639730472827
16080,1181.8269387464838,29.179411084937048,0.1429633526181355
16090,1180.3981695719538,29.144134648326695,0.14279051713384291
16100,1178.971127707309,29.108900859149365,0.1426178905989355
16110,1177.5458110643192,29.07370966584646,0.142445472760804
16120,1176.1222175572782,29.038561016921726,0.1422732633671445
16130,1174.7003451030014,29.00345486094114,0.14210126216595814
16140,1173.2801916208232,28.96839114653289,0.14192946890555078
16150,1171.8617550325923,28.933369822387238,0.1417578833345324
16160,1170.4450332626714,28.898390837256514,0.14158650520181712
16170,1169.0300242379312,28.863454139954978,0.14141533425662242
16180,1167.6167258877488,28.82855967935876,0.14124437024846903
16190,1166.2051361440056,28.793707404405836,0.14107361292718057
16200,1164.795252941082,28.75889726409588,0.14090306204288294
16210,1163.3870742158565,28.72412920749023,0.14073271734600432
16220,1161.9805979077014,28.689403183711814,0.14056257858727447
16230,1160.5758219584804,28.654719141945066,0.14039264551772457
16240,1159.1727443125453,28.620077031435848,0.14022291788868677
16250,1157.771362916733,28.585476801491385,0.14005339545179385
16260,1156.3716757203624,28.55091840148018,0.1398840779589788
16270,1154.9736806752323,28.516401780831963,0.13971496516247467
16280,1153.577375735617,28.48192688903758,0.13954605681481388
16290,1152.1827588582637,28.44749367564896,0.13937735266882806
16300,1150.789828002391,28.41310209027901,0.13920885247764778
16310,1149.3985811296834,28.378752082601554,0.13904055599470186
16320,1148.0090162042904,28.34444360235126,0.13887246297371736
16330,1146.6211311928225,28.310176599323558,0.13870457316871904
16340,1145.2349240643484,28.27595102337458,0.138536886334029
16350,1143.8503927903923,28.24176682442108,0.13836940222426639
16360,1142.4675353449304,28.20762395244035,0.13820212059434697
16370,1141.0863497043886,28.173522357470166,0.13803504119948284
16380,1139.7068338476388,28.139461989608705,0.137868163795182
16390,1138.328985755997,28.10544279901448,0.13770148813724808
16400,1136.952803413219,28.071464735906233,0.13753501398177984
16410,1135.5782848054987,28.037527750562923,0.13736874108517103
16420,1134.2054279214638,28.003631793323592,0.13720266920410976
16430,1132.8342307521748,27.969776814587345,0.13703679809557842
16440,1131.4646912911196,27.935962764813222,0.13687112751685312
16450,1130.0968075342132,27.902189594520188,0.13670565722550349
16460,1128.7305774797921,27.868457254286998,0.1365403869793921
16470,1127.3659991286138,27.83476569475217,0.13637531653667442
16480,1126.0030704838525,27.80111486661391,0.1362104456557982
16490,1124.6417895510958,27.767504720629994,0.13604577409550322
16500,1123.2821543383438,27.73393520761777,0.135881301614821
16510,1121.924162856003,27.700406278454,0.13571702797307425
16520,1120.5678131168872,27.666917884074884,0.1355529529298768
16530,1119.2131031362107,27.633469975475887,0.13538907624513294
16540,1117.860030931589,27.600062503711758,0.13522539767903738
16550,1116.5085945230333,27.5666954198964,0.13506191699207465
16560,1115.158791932948,27.53336867520281,0.13489863394501875
16570,1113.8106211861295,27.500082220863035,0.13473554829893314
16580,1112.4640803097616,27.466836008168062,0.13457265981516994
16590,1111.1191673334129,27.43362998846778,0.13440996825536983
16600,1109.7758802890344,27.400464113170873,0.1342474733814617
16610,1108.4342172109568,27.367338333744797,0.13408517495566225
16620,1107.094176135886,27.334252601715654,0.13392307274047555
16630,1105.7557551029022,27.301206868668153,0.13376116649869285
16640,1104.4189521534572,27.268201086245572,0.13359945599339232
16650,1103.0837653313686,27.235235206149593,0.1334379409879383
16660,1101.7501926828202,27.202309180140322,0.13327662124598139
16670,1100.4182322563574,27.169422960036176,0.1331154965314578
16680,1099.0878821028855,27.136576497713833,0.1329545666085893
16690,1097.7591402756655,27.10376974510814,0.13279383124188254
16700,1096.4320048303111,27.07100265421202,0.13263329019612888
16710,1095.1064738247892,27.03827517707651,0.1324729432364042
16720,1093.782545319412,27.00558726581055,0.13231279012806824
16730,1092.4602173768378,26.972938872581,0.13215283063676442
16740,1091.1394880620667,26.94032994961254,0.13199306452841947
16750,1089.8203554424388,26.90776044918763,0.13183349156924326
16760,1088.5028175876298,26.875230323646395,0.1316741115257281
16770,1087.1868725696493,26.84273952538658,0.1315149241646487
16780,1085.8725184628386,26.8102880068635,0.13135592925306172
16790,1084.5597533438656,26.777875720589922,0.13119712655830543
16800,1083.2485752917246,26.74550261913604,0.1310385158479994
16810,1081.938982387731,26.713168655129365,0.13088009689004398
16820,1080.6309727155215,26.68087378125472,0.1307218694526204
16830,1079.3245443610488,26.64861795025411,0.13056383330418997
16840,1078.019695412579,26.616401114926656,0.13040598821349392
16850,1076.7164239606898,26.584223228128547,0.130248333949553
16860,1075.4147280982677,26.55208424277299,0.13009087028166744
16870,1074.1146059205043,26.519984111830098,0.12993359697941612
16880,1072.8160555248942,26.487922788326838,0.12977651381265656
16890,1071.5190750112324,26.45590022534699,0.12961962055152465
16900,1070.2236624816105,26.423916376031027,0.129462916966434
16910,1068.9298160404148,26.391971193576076,0.12930640282807584
16920,1067.637533794323,26.360064631235844,0.12915007790741856
16930,1066.346813852303,26.328196642320588,0.12899394197570763
16940,1065.0576543256075,26.29636718019696,0.12883799480446487
16950,1063.7700533277734,26.264576198288033,0.12868223616548843
16960,1062.4840089746167,26.232823650073126,0.1285266658308522
16970,1061.1995193842338,26.20110948908788,0.12837128357290586
16980,1059.9165826769943,26.169433668924057,0.12821608916427413
16990,1058.6351969755406,26.137796143229526,0.1280610823778566
17000,1057.3553604047859,26.106196865708235,0.12790626298682758
17010,1056.0770710919082,26.074635790120045,0.12775163076463544
17020,1054.8003271663515,26.04311287028076,0.1275971854850025
17030,1053.5251267598194,26.011628060061973,0.12744292692192458
17040,1052.2514680062768,25.980181313391125,0.1272888548496709
17050,1050.9793490419418,25.948772584251266,0.12713496904278335
17060,1049.7087680052869,25.91740182668112,0.1269812692760765
17070,1048.439723037036,25.886068994775005,0.12682775532463725
17080,1047.172212280159,25.85477404268268,0.12667442696382422
17090,1045.9062338798722,25.823516924609365,0.12652128396926773
17100,1044.641785983633,25.792297594815633,0.1263683261168693
17110,1043.3788667411402,25.761116007617375,0.12621555318280142
17120,1042.117474304328,25.72997211738568,0.1260629649435072
17130,1040.8576068273653,25.698865878546833,0.12591056117569988
17140,1039.5992624666521,25.66779724558217,0.12575834165636274
17150,1038.3424393808189,25.636766173028125,0.1256063061627488
17160,1037.08713573072,25.60577261547603,0.1254544544723801
17170,1035.8333496794344,25.57481652757214,0.12530278636304779
17180,1034.581079392262,25.543897864017545,0.12515130161281174
17190,1033.3303230367203,25.513016579568102,0.12500000000000003
17200,1032.0810787825421,25.48217262903434,0.1248488813032087
17210,1030.8333448016729,25.45136596728144,0.12469794530130147
17220,1029.5871192682691,25.420596549229163,0.12454719177340957
17230,1028.3424003586936,25.389864329851747,0.12439662049893105
17240,1027.0991862515139,25.35916926417786,0.1242462312575307
17250,1025.8574751274996,25.32851130729055,0.12409602382913971
17260,1024.6172651696204,25.297890414327174,0.12394599799395536
17270,1023.3785545630418,25.267306540479314,0.12379615353244058
17280,1022.1413414951234,25.23675964099271,0.12364649022532373
17290,1020.9056241554173,25.206249671167253,0.12349700785359836
17300,1019.6714007356628,25.17577658635682,0.12334770619852266
17310,1018.4386694297865,25.14534034196931,0.1231985850416193
17320,1017.207428433897,25.11494089346647,0.12304964416467505
17330,1015.9776759462861,25.08457819636398,0.12290088334974066
17340,1014.7494101674215,25.054252206231226,0.12275230237913014
17350,1013.5226292999474,25.023962878691332,0.12260390103542079
17360,1012.2973315486804,24.993710169421064,0.1224556791014527
17370,1011.0735151206087,24.963494034150802,0.12230763636032864
17380,1009.8511782248868,24.933314428664413,0.12215977259541345
17390,1008.6303190728341,24.90317130879922,0.12201208759033386
17400,1007.4109358779342,24.873064630445967,0.12186458112897834
17410,1006.1930268558285,24.84299434954869,0.12171725299549649
17420,1004.9765902243169,24.81296042210471,0.1215701029742989
17430,1003.7616242033525,24.782962804164512,0.12142313085005675
17440,1002.5481270150426,24.753001451831768,0.12127633640770169
17450,1001.3360968836419,24.72307632126317,0.12112971943242523
17460,1000.1255320355522,24.69318736866843,0.12098327970967858
17470,998.9164306993206,24.66333455031021,0.12083701702517244
17480,997.708791105635,24.633517822504047,0.12069093116487649
17490,996.502611487322,24.603737141618268,0.12054502191501916
17500,995.2978900793446,24.573992464073953,0.12039928906208727
17510,994.0946251188012,24.544283746344913,0.12025373239282597
17520,992.8928148449195,24.514610944957518,0.120108351694238
17530,991.6924574990568,24.48497401649073,0.1199631467535837
17540,990.4935513246962,24.455372917575993,0.11981811735838056
17550,989.296094567445,24.425807604897194,0.11967326329640306
17560,988.1000854750309,24.396278035190576,0.11952858435568213
17570,986.9055222972994,24.36678416524467,0.11938408032450494
17580,985.7124032862137,24.337325951900294,0.11923975099141479
17590,984.5207266958485,24.3079033520504,0.11909559614521044
17600,983.3304907823899,24.278516322640073,0.11895161557494605
17610,982.1416938041318,24.249164820666426,0.11880780906993073
17620,980.954334021475,24.21984880317861,0.11866417641972848
17630,979.7684096969222,24.19056822727766,0.11852071741415758
17640,978.5839190950765,24.161323050116476,0.11837743184329037
17650,977.4008604826394,24.132113228899765,0.11823431949745304
17660,976.2192321284085,24.10293872088399,0.11809138016722533
17670,975.0390323032736,24.073799483377265,0.11794861364344006
17680,973.8602592802146,24.044695473739306,0.1178060197171829
17690,972.6829113343002,24.01562664938142,0.11766359817979223
17700,971.506986742684,23.98659296776637,0.11752134882285857
17710,970.3324837846023,23.95759438640835,0.11737927143822442
17720,969.1594007413714,23.928630862872904,0.1172373658179839
17730,967.9877358963868,23.899702354776924,0.11709563175448262
17740,966.8174875351175,23.870808819788486,0.11695406904031706
17750,965.6486539451067,23.84195021562688,0.11681267746833456
17760,964.4812334159665,23.813126500062477,0.11667145683163274
17770,963.3152242393784,23.784337630916745,0.11653040692355962
17780,962.1506247090882,23.755583566062118,0.11638952753771283
17790,960.9874331209037,23.72686426342194,0.11624881846793951
17800,959.8256477726952,23.69817968097048,0.11610827950833627
17810,958.6652669643889,23.669529776732762,0.11596791045324842
17820,957.5062889979667,23.640914508784572,0.11582771109726996
17830,956.3487121774635,23.612333835252386,0.11568768123524319
17840,955.192534808965,23.583787714313306,0.11554782066225855
17850,954.037755200604,23.555276104194988,0.11540812917365409
17860,952.8843716625586,23.526798963175573,0.11526860656501527
17870,951.7323825070508,23.49835624958368,0.11512925263217481
17880,950.5817860483423,23.469947921798276,0.11499006717121216
17890,949.432580602733,23.441573938248663,0.11485104997845329
17900,948.2847644885572,23.413234257414366,0.11471220085047036
17910,947.1383360261847,23.384928837825164,0.11457351958408167
17920,945.9932935380136,23.356657638060923,0.11443500597635094
17930,944.8496353484715,23.32842061675161,0.11429665982458732
17940,943.70735978401,23.30021773257717,0.11415848092634492
17950,942.5664651731065,23.272048944267564,0.1140204690794228
17960,941.4269498462572,23.24391421060259,0.11388262408186427
17970,940.288812135977,23.215813490411897,0.1137449457319568
17980,939.1520503767974,23.187746742574927,0.11360743382823191
17990,938.0166629052627,23.159713926020807,0.11347008816946448
18000,936.8826480599283,23.131714999728324,0.11333290855467275
18010,935.7500041813583,23.10374992272586,0.1131958947831179
18020,934.6187296121234,23.07581865409134,0.11305904665430387
18030,933.4888226967975,23.047921152952146,0.11292236396797693
18040,932.3602817819559,23.020057378485085,0.11278584652412546
18050,931.2331052161726,22.99222728991629,0.11264949412297956
18060,930.107291350019,22.964430846521235,0.11251330656501103
18070,928.9828385360595,22.936668007624586,0.11237728365093273
18080,927.8597451288506,22.9089387326002,0.11224142518169847
18090,926.7380094849386,22.881242980871058,0.1121057309585028
18100,925.6176299628559,22.85358071190918,0.1119702007827805
18110,924.4986049231194,22.825951885235586,0.11183483445620646
18120,923.3809327282281,22.798356460420237,0.11169963178069525
18130,922.2646117426614,22.770794397081975,0.11156459255840111
18140,921.1496403328749,22.743265654888454,0.11142971659171726
18150,920.0360168672994,22.71577019355608,0.11129500368327588
18160,918.9237397163389,22.68830797284999,0.11116045363594787
18170,917.8128072523666,22.660878952583932,0.11102606625284231
18180,916.7032178497237,22.63348309262025,0.11089184133730634
18190,915.5949698847164,22.606120352869798,0.11075777869292482
18200,914.4880617356151,22.578790693291932,0.11062387812352022
18210,913.3824917826495,22.55149407389438,0.11049013943315199
18220,912.2782584080079,22.524230454733225,0.11035656242611656
18230,911.1753599958341,22.496999795912842,0.11022314690694687
18240,910.0737949322266,22.46980205758586,0.11008989268041235
18250,908.973561605234,22.44263719995305,0.10995679955151827
18260,907.8746584048533,22.415505183263306,0.10982386732550567
18270,906.7770837230292,22.388405967813593,0.10969109580785116
18280,905.6808359536496,22.361339513948867,0.10955848480426642
18290,904.585913492544,22.334305782062014,0.10942603412069798
18300,903.4923147374815,22.307304732593813,0.10929374356332705
18310,902.4000380881687,22.280336326032884,0.10916161293856917
18320,901.309081946246,22.25340052291558,0.10902964205307385
18330,900.219444715287,22.226497283826,0.10889783071372437
18340,899.1311248007939,22.19962656939585,0.10876617872763746
18350,898.0441206101987,22.17278834030448,0.10863468590216312
18360,896.958430552857,22.14598255727875,0.10850335204488416
18370,895.8740530400474,22.119209181092984,0.10837217696361602
18380,894.790986484971,22.092468172568974,0.10824116046640658
18390,893.709229302745,22.065759492575832,0.10811030236153567
18400,892.6287799104043,22.039083102030006,0.10797960245751495
18410,891.549636726896,22.01243896189516,0.1078490605630875
18420,890.4717981730805,21.985827033182204,0.10771867648722781
18430,889.3952626717258,21.95924727694913,0.10758845003914114
18440,888.3200286475072,21.932699654301047,0.10745838102826342
18450,887.2460945270041,21.90618412639005,0.10732846926426101
18460,886.1734587386993,21.87970065441524,0.10719871455703044
18470,885.1021197129741,21.853249199622606,0.10706911671669793
18480,884.0320758821076,21.826829723304975,0.10693967555361929
18490,882.9633256802754,21.800442186801998,0.1068103908783797
18500,881.8958675435448,21.774086551500048,0.1066812625017932
18510,880.8296999098741,21.747762778832175,0.1065522902349026
18520,879.76482121911,21.721470830278054,0.10642347388897913
18530,878.7012299129862,21.695210667363956,0.10629481327552227
18540,877.6389244351192,21.668982251662637,0.10616630820625929
18550,876.577903231007,21.642785544793302,0.10603795849314504
18560,875.5181647480284,21.6166205084216,0.10590976394836188
18570,874.4597074354376,21.59048710425948,0.10578172438431906
18580,873.4025297443643,21.564385294065193,0.10565383961365268
18590,872.3466301278102,21.538315039643223,0.10552610944922532
18600,871.2920070406486,21.512276302844253,0.10539853370412593
18610,870.2386589396191,21.486269045565045,0.10527111219166925
18620,869.1865842833282,21.460293229748462,0.10514384472539584
18630,868.1357815322446,21.434348817383334,0.10501673111907155
18640,867.0862491487001,21.408435770504507,0.10488977118668756
18650,866.0379855968839,21.382554051192674,0.10476296474245979
18660,864.990989342842,21.356703621574376,0.10463631160082873
18670,863.9452588544764,21.330884443821972,0.1045098115764594
18680,862.9007926015393,21.305096480153516,0.10438346448424067
18690,861.8575890556342,21.279339692832767,0.1042572701392853
18700,860.8156466902115,21.253614044169073,0.1041312283569295
18710,859.7749639805683,21.227919496517387,0.10400533895273288
18720,858.735539403844,21.202256012278152,0.10387960174247787
18730,857.6973714390191,21.176623553897258,0.10375401654216967
18740,856.6604585669131,21.151022083866007,0.10362858316803589
18750,855.6247992701828,21.12545156472106,0.10350330143652642
18760,854.5903920333185,21.099911959044352,0.10337817116431292
18770,853.5572353426425,21.074403229463044,0.10325319216828871
18780,852.5253276863082,21.048925338649514,0.10312836426556858
18790,851.4946675542959,21.02347824932124,0.10300368727348833
18800,850.4652534384113,20.998061924240773,0.10287916100960456
18810,849.4370838322837,20.97267632621569,0.10275478529169448
18820,848.410157231364,20.947321418098536,0.10263055993775565
18830,847.3844721329216,20.921997162786763,0.1025064847660056
18840,846.3600270360421,20.896703523222666,0.10238255959488161
18850,845.3368204416262,20.871440462393345,0.10225878424304047
18860,844.3148508523873,20.84620794333067,0.10213515852935828
18870,843.2941167728483,20.821005929111173,0.10201168227293003
18880,842.27461670934,20.795834382856032,0.10188835529306939
18890,841.2563491699999,20.770693267731033,0.1017651774093086
18900,840.2393126647678,20.745582546946455,0.10164214844139793
18910,839.223505705386,20.720502183757084,0.10151926820930567
18920,838.2089268053949,20.695452141462106,0.10139653653321763
18930,837.1955744801336,20.670432383405114,0.10127395323353722
18940,836.1834472467343,20.645442872973963,0.10115151813088476
18950,835.1725436241227,20.620483573600804,0.10102923104609748
18960,834.1628621330159,20.595554448762016,0.10090709180022937
18970,833.1544012959178,20.57065546197808,0.10078510021455055
18980,832.1471596371194,20.545786576813622,0.1006632561105473
18990,831.1411356826954,20.520947756877288,0.10054155930992169
19000,830.1363279605032,20.49613896582175,0.10042000963459143
19010,829.132735000179,20.4713601673436,0.10029860690668942
19020,828.130355333137,20.446611325183323,0.10017735094856363
19030,827.1291874925665,20.421892403125234,0.10005624158277676
19040,826.129230013431,20.397203364997452,0.09993527863210615
19050,825.1304814324643,20.372544174671805,0.09981446191954327
19060,824.132940288169,20.347914796063797,0.09969379126829356
19070,823.1366051208158,20.32331519313258,0.09957326650177635
19080,822.1414744724392,20.29874532988086,0.09945288744362434
19090,821.1475468868363,20.274205170354858,0.09933265391768342
19100,820.1548209095645,20.249694678644257,0.09921256574801247
19110,819.1632950879407,20.225213818882185,0.09909262275888317
19120,818.1729679710369,20.200762555245102,0.09897282477477952
19130,817.1838381096796,20.176340851952787,0.09885317162039776
19140,816.1959040564467,20.15194867326826,0.098733663120646
19150,815.2091643656673,20.127585983497784,0.09861429910064422
19160,814.2236175934171,20.10325274699073,0.09849507938572358
19170,813.2392622975173,20.07894892813959,0.09837600380142651
19180,812.2560970375339,20.054674491379913,0.09825707217350645
19190,811.2741203747729,20.03042940119022,0.09813828432792732
19200,810.2933308722805,20.006213622091995,0.09801964009086354
19210,809.3137270948392,19.98202711864959,0.09790113928869962
19220,808.335307608968,19.957869855470236,0.09778278174803007
19230,807.3580709829178,19.933741797203922,0.09766456729565892
19240,806.3820157866706,19.909642908543375,0.09754649575859967
19250,805.4071405919373,19.885573154224012,0.09742856696407483
19260,804.4334439721558,19.861532499023895,0.09731078073951598
19270,803.4609245024884,19.837520907763647,0.09719313691256316
19280,802.4895807598197,19.813538345306426,0.09707563531106483
19290,801.5194113227553,19.789584776557884,0.09695827576307765
19300,800.550414771619,19.765660166466088,0.09684105809686605
19310,799.5825896884506,19.741764480021473,0.09672398214090212
19320,798.6159346570045,19.71789768225681,0.09660704772386529
19330,797.6504482627472,19.69405973824715,0.09649025467464219
19340,796.6861290928555,19.67025061310976,0.09637360282232624
19350,795.7229757362132,19.646470272004056,0.09625709199621744
19360,794.7609867834118,19.622718680131616,0.09614072202582231
19370,793.8001608267456,19.598995802736066,0.09602449274085337
19380,792.8404964602105,19.57530160510304,0.095908403971229
19390,791.8819922795027,19.551636052560156,0.09579245554707323
19400,790.9246468820163,19.527999110476944,0.09567664729871551
19410,789.9684588668408,19.504390744264807,0.09556097905669036
19420,789.0134268347591,19.48081091937695,0.09544545065173717
19430,788.0595493882458,19.457259601308348,0.09533006191479992
19440,787.1068251314658,19.433736755595707,0.09521481267702712
19450,786.1552526702704,19.410242347817377,0.09509970276977127
19460,785.2048306121967,19.386776343593326,0.09498473202458875
19470,784.2555575664657,19.363338708585093,0.09486990027323972
19480,783.3074321439794,19.339929408495735,0.09475520734768761
19490,782.360452957319,19.31654840906975,0.09464065308009902
19500,781.4146186207429,19.29319567609306,0.09452623730284343
19510,780.4699277501857,19.26987117539297,0.09441195984849308
19520,779.5263789632543,19.246574872838075,0.09429782054982254
19530,778.5839708792272,19.223306734338237,0.09418381923980854
19540,777.6427021190518,19.200066725844525,0.0940699557516297
19550,776.7025713053438,19.1768548133492,0.09395622991866648
19560,775.7635770623828,19.153670962885602,0.0938426415745006
19570,774.8257180161116,19.130515140528143,0.09372919055291501
19580,773.8889927941357,19.107387312392277,0.09361587668789371
19590,772.9534000257181,19.08428744463439,0.0935026998136213
19600,772.0189383417797,19.061215503451802,0.09338965976448288
19610,771.085606374896,19.038171455082672,0.09327675637506369
19620,770.1534027592967,19.01515526580602,0.09316398948014912
19630,769.2223261308616,18.99216690194159,0.09305135891472416
19640,768.2923751271198,18.969206329849868,0.09293886451397329
19650,767.3635483872486,18.94627351593201,0.09282650611328036
19660,766.4358445520689,18.92336842662977,0.09271428354822811
19670,765.509262264046,18.900491028425495,0.09260219665459812
19680,764.5838001672855,18.877641287842035,0.09249024526837044
19690,763.6594569075332,18.854819171442735,0.09237842922572351
19700,762.7362311321714,18.83202464583134,0.09226674836303375
19710,761.8141214902176,18.809257677651978,0.0921552025168754
19720,760.8931266323227,18.7865182335891,0.09204379152402023
19730,759.9732452107696,18.76380628036745,0.0919325152214375
19740,759.0544758794694,18.74112178475198,0.0918213734462934
19750,758.1368172939609,18.718464713547817,0.09171036603595102
19760,757.2202681114092,18.695835033600254,0.09159949282797017
19770,756.3048269906013,18.67323271179463,0.09148875366010689
19780,755.3904925919469,18.65065771505633,0.09137814837031348
19790,754.4772635774741,18.628110010350717,0.09126767679673803
19800,753.5651386108302,18.605589564683125,0.09115733877772449
19810,752.6541163572763,18.58309634509873,0.09104713415181205
19820,751.7441954836879,18.560630318682577,0.0909370627577352
19830,750.8353746585522,18.53819145255949,0.09082712443442333
19840,749.9276525519665,18.515779713894066,0.09071731902100066
19850,749.021027835635,18.493395069890553,0.09060764635678581
19860,748.1154991828682,18.471037487792877,0.09049810628129165
19870,747.211065268581,18.448706934884566,0.09038869863422516
19880,746.3077247692894,18.426403378488686,0.09027942325548702
19890,745.40547636311,18.40412678596782,0.09017027998517149
19900,744.5043187297568,18.38187712472399,0.09006126866356612
19910,743.6042505505412,18.359654362198658,0.08995238913115162
19920,742.7052705083678,18.337458465872622,0.0898436412286015
19930,741.8073772877337,18.315289403266004,0.08973502479678189
19940,740.9105695747261,18.293147141938174,0.08962653967675123
19950,740.0148460570217,18.271031649487764,0.0895181857097603
19960,739.1202054238828,18.248942893552535,0.08940996273725164
19970,738.2266463661562,18.226880841809383,0.08930187060085949
19980,737.3341675762723,18.204845461974305,0.08919390914240967
19990,736.4427677482416,18.1828367218023,0.08908607820391908
20000,735.5524455776535,18.160854589087354,0.08897837762759567
20010,734.6631997616744,18.13889903166239,0.08887080725583812
20020,733.7750289990462,18.116970017399236,0.08876336693123577
20030,732.8879319900834,18.095067514208544,0.0886560564965681
20040,732.0019074366717,18.07319149003975,0.08854887579480472
20050,731.1169540422669,18.05134191288107,0.08844182466910513
20060,730.2330705118918,18.0295187507594,0.08833490296281842
20070,729.3502555521343,18.007721971740285,0.08822811051948298
20080,728.4685078711464,17.98595154392788,0.08812144718282643
20090,727.5878261786424,17.96420743546492,0.08801491279676536
20100,726.7082091858956,17.942489614532626,0.08790850720540497
20110,725.8296556057378,17.920798049350708,0.08780223025303896
20120,724.9521641525564,17.899132708177273,0.08769608178414924
20130,724.0757335422942,17.877493559308835,0.08759006164340584
20140,723.2003624924452,17.855880571080213,0.08748416967566645
20150,722.3260497220539,17.8342937118645,0.08737840572597635
20160,721.4527939517146,17.81273295007306,0.08727276963956826
20170,720.580593903567,17.7911982541554,0.08716726126186185
20180,719.7094483012966,17.76968959259921,0.08706188043846377
20190,718.8393558701307,17.748206933930245,0.08695662701516724
20200,717.9703153368395,17.72675024671234,0.08685150083795203
20210,717.102325429731,17.70531949954731,0.08674650175298401
20220,716.2353848786513,17.683914661074947,0.08664162960661508
20230,715.3694924149814,17.662535699972935,0.08653688424538282
20240,714.5046467716373,17.641182584956855,0.08643226551601048
20250,713.6408466830655,17.619855284780083,0.08632777326540647
20260,712.7780908852429,17.598553768233778,0.08622340734066432
20270,711.916378115675,17.577278004146837,0.08611916758906249
20280,711.055707113393,17.556027961385833,0.08601505385806399
20290,710.196076618953,17.534803608854983,0.08591106599531627
20300,709.3374853744331,17.513604915496078,0.08580720384865091
20310,708.479932123433,17.492431850288497,0.08570346726608359
20320,707.6234156110706,17.471284382249085,0.08559985609581361
20330,706.7679345839813,17.45016248043216,0.08549637018622382
20340,705.9134877903151,17.42906611392943,0.08539300938588033
20350,705.0600739797369,17.40799525187002,0.08528977354353247
20360,704.2076919034216,17.386949863420323,0.08518666250811227
20370,703.3563403140544,17.365929917784026,0.08508367612873441
20380,702.506017965829,17.344935384202067,0.0849808142546961
20390,701.6567236144446,17.323966231952543,0.08487807673547662
20400,700.8084560171047,17.30302243035071,0.08477546342073727
20410,699.9612139325153,17.282103948748897,0.08467297416032106
20420,699.1149961208837,17.26121075653652,0.08457060880425264
20430,698.2698013439153,17.24034282313998,0.08446836720273787
20440,697.4256283648124,17.219500118022623,0.08436624920616369
20450,696.5824759482736,17.198682610684756,0.08426425466509803
20460,695.7403428604898,17.17789027066352,0.08416238343028938
20470,694.8992278691439,17.157123067532904,0.08406063535266668
20480,694.0591297434087,17.136380970903666,0.08395901028333909
20490,693.2200472539452,17.11566395042333,0.08385750807359584
20500,692.3819791729001,17.094971975776076,0.08375612857490583
20510,691.5449242739048,17.07430501668277,0.08365487163891763
20520,690.7088813320731,17.053663042900855,0.08355373711745905
20530,689.8738491240005,17.033046024224365,0.08345272486253717
20540,689.0398264277602,17.012453930483826,0.08335183472633788
20550,688.2068120229033,16.99188673154624,0.08325106656122577
20560,687.3748046904568,16.971344397315065,0.08315042021974402
20570,686.5438032129208,16.950826897730117,0.08304989555461395
20580,685.7138063742673,16.930334202767554,0.082949492418735
20590,684.8848129599381,16.909866282439836,0.0828492106651844
20600,684.0568217568448,16.889423106795693,0.0827490501472171
20610,683.229831553364,16.869004645920047,0.08264901071826537
20620,682.4038411393376,16.84861086993398,0.08254909223193868
20630,681.5788493060704,16.828241748994706,0.08244929454202347
20640,680.7548548463291,16.807897253295526,0.08234961750248304
20650,679.9318565543391,16.78757735306576,0.08225006096745713
20660,679.1098532257837,16.767282018570725,0.08215062479126183
20670,678.2888436578028,16.747011220111695,0.08205130882838944
20680,677.4688266489895,16.726764928025833,0.0819521129335081
20690,676.64980099939,16.70654311268617,0.08185303696146164
20700,675.8317655105005,16.68634574450154,0.08175408076726938
20710,675.0147189852676,16.666172793916594,0.08165524420612601
20720,674.1986602280836,16.646024231411673,0.08155652713340115
20730,673.3835880447863,16.6259000275028,0.08145792940463932
20740,672.5695012426584,16.60580015274169,0.08135945087555974
20750,671.7563986304234,16.585724577715617,0.08126109140205597
20760,670.9442790182453,16.565673273047423,0.08116285084019581
20770,670.1331412177265,16.545646209395468,0.08106472904622107
20780,669.3229840419065,16.525643357453596,0.08096672587654742
20790,668.5138063052593,16.505664687951064,0.08086884118776402
20800,667.7056068236924,16.48571017165252,0.08077107483663347
20810,666.8983844145446,16.46577977935796,0.08067342668009148
20820,666.0921378965849,16.445873481902684,0.08057589657524679
20830,665.28686609001,16.425991250157246,0.08047848437938085
20840,664.4825678164424,16.4061330550274,0.08038118994994758
20850,663.6792418989306,16.386298867454116,0.08028401314457341
20860,662.876887161945,16.366488658413456,0.08018695382105674
20870,662.075502431377,16.34670239891658,0.08009001183736791
20880,661.2750865345375,16.326940060009694,0.07999318705164896
20890,660.4756383001562,16.307201612774026,0.07989647932221353
20900,659.6771565583775,16.28748702832574,0.07979988850754642
20910,658.8796401407608,16.267796277815933,0.07970341446630361
20920,658.0830878802773,16.248129332430565,0.07960705705731184
20930,657.2874986113103,16.228486163390457,0.0795108161395687
20940,656.4928711696514,16.208866741951194,0.0794146915722421
20950,655.6992043924994,16.189271039403124,0.0793186832146702
20960,654.9064971184602,16.169699027071314,0.07922279092636136
20970,654.1147481875425,16.150150676315484,0.07912701456699367
20980,653.3239564411579,16.13062595852998,0.07903135399641485
20990,652.5341207221181,16.11112484514372,0.07893580907464208
21000,651.745239874635,16.0916473076202,0.07884037966186186
21010,650.9573127443165,16.072193317457373,0.07874506561842959
21020,650.170338178167,16.052762846187676,0.07864986680486956
21030,649.3843150245838,16.03335586537794,0.07855478308187462
21040,648.599242133358,16.0139723466294,0.07845981431030617
21050,647.8151183556697,15.994612261577604,0.07836496035119367
21060,647.0319425440885,15.975275581892381,0.07827022106573463
21070,646.2497135525715,15.95596227927784,0.07817559631529446
21080,645.4684302364609,15.936672325472271,0.07808108596140605
21090,644.6880914524827,15.917405692248145,0.07798668986576973
21100,643.908696058745,15.89816235141205,0.07789240789025303
21110,643.1302429147371,15.878942274804674,0.07779823989689053
21120,642.3527308813261,15.859745434300727,0.07770418574788351
21130,641.5761588207569,15.840571801808933,0.07761024530559987
21140,640.8005255966499,15.821421349271983,0.07751641843257398
21150,640.025830073999,15.802294048666477,0.07742270499150629
21160,639.2520711191705,15.783189872002897,0.0773291048452633
21170,638.4792475999008,15.764108791325551,0.07723561785687721
21180,637.7073583852961,15.74505077871258,0.07714224388954599
21190,636.9364023458287,15.726015806275843,0.07704898280663282
21200,636.166378353337,15.707003846160928,0.07695583447166614
21210,635.3972852810231,15.688014870547098,0.07686279874833933
21220,634.6291220034518,15.66904885164726,0.07676987550051068
21230,633.861887396548,15.650105761707897,0.07667706459220293
21240,633.0955803375953,15.631185573009043,0.07658436588760323
21250,632.3301997052356,15.612288257864273,0.07649177925106304
21260,631.5657443794655,15.5934137886206,0.07639930454709767
21270,630.8022132416363,15.57456213765849,0.07630694164038632
21280,630.0396051744508,15.555733277391775,0.07621469039577167
21290,629.2779190619638,15.536927180267673,0.07612255067825997
21300,628.5171537895782,15.518143818766683,0.07603052235302053
21310,627.7573082440448,15.499383165402586,0.07593860528538572
21320,626.99838131346,15.480645192722378,0.07584679934085066
21330,626.2403718872653,15.461929873306278,0.07575510438507321
21340,625.4832788562435,15.443237179767614,0.0756635202838735
21350,624.7271011125191,15.424567084752843,0.07557204690323394
21360,623.9718375495564,15.405919560941499,0.07548068410929899
21370,623.2174870621566,15.387294581046126,0.07538943176837487
21380,622.4640485464574,15.368692117812271,0.07529828974692947
21390,621.7115208999307,15.350112144018416,0.07520725791159207
21400,620.9599030213825,15.331554632475981,0.07511633612915329
21410,620.2091938109484,15.313019556029221,0.07502552426656467
21420,619.4593921700949,15.29450688755525,0.0749348221909387
21430,618.7104970016154,15.276016599963935,0.07484422976954838
21440,617.9625072096314,15.257548666197941,0.07475374686982739
21450,617.2154216995882,15.239103059232615,0.0746633733593695
21460,616.469239378254,15.22067975207597,0.07457310910592857
21470,615.7239591537198,15.202278717768676,0.07448295397741846
21480,614.9795799353957,15.183899929383974,0.07439290784191258
21490,614.2361006340109,15.16554336002767,0.07430297056764389
21500,613.4935201616107,15.147208982838068,0.07421314202300461
21510,612.7518374315567,15.128896770985968,0.07412342207654617
21520,612.0110513585237,15.110606697674596,0.0740338105969788
21530,611.271160858498,15.09233873613956,0.07394430745317149
21540,610.5321648487775,15.07409285964885,0.0738549125141518
21550,609.7940622479684,15.055869041502758,0.0737656256491056
21560,609.0568519759845,15.037667255033858,0.07367644672737689
21570,608.3205329540448,15.019487473606954,0.07358737561846761
21580,607.5851041046733,15.00132967061907,0.07349841219203755
21590,606.8505643516964,14.983193819499386,0.07340955631790402
21600,606.1169126202412,14.96507989370919,0.0733208078660417
21610,605.3841478367342,14.94698786674186,0.07323216670658245
21620,604.6522689289005,14.92891771212284,0.07314363270981522
21630,603.9212748257609,14.910869403409551,0.0730552057461857
21640,603.1911644576309,14.892842914191394,0.07296688568629618
21650,602.4619367561198,14.87483821808971,0.07287867240090551
21660,601.7335906541283,14.85685528875772,0.07279056576092867
21670,601.0061250858465,14.838894099880482,0.07270256563743671
21680,600.2795389867537,14.82095462517489,0.07261467190165656
21690,599.5538312936163,14.803036838389612,0.0725268844249709
21700,598.8290009444856,14.785140713305042,0.07243920307891781
21710,598.1050468786971,14.767266223733277,0.07235162773519072
21720,597.3819680368679,14.749413343518063,0.0722641582656381
21730,596.6597633608969,14.73158204653479,0.0721767945422635
21740,595.9384317939616,14.713772306690416,0.07208953643722509
21750,595.2179722805167,14.695984097923438,0.07200238382283558
21760,594.4983837662944,14.678217394203887,0.07191533657156218
21770,593.7796651983,14.660472169533234,0.07182839455602616
21780,593.0618155248123,14.642748397944391,0.07174155764900281
21790,592.3448336953817,14.625046053501661,0.0716548257234212
21800,591.6287186608287,14.607365110300714,0.07156819865236413
21810,590.913469373242,14.589705542468527,0.07148167630906777
21820,590.1990847859768,14.572067324163344,0.07139525856692144
21830,589.4855638536545,14.554450429574683,0.07130894529946775
21840,588.7729055321596,14.53685483292323,0.071222736380402
21850,588.0611087786392,14.519280508460865,0.07113663168357226
21860,587.3501725515006,14.501727430470567,0.07105063108297906
21870,586.6400958104115,14.484195573266442,0.07096473445277537
21880,585.9308775162963,14.466684911193623,0.07087894166726622
21890,585.2225166313358,14.44919541862826,0.07079325260090857
21900,584.5150121189655,14.431727069977486,0.0707076671283112
21910,583.8083629438745,14.414279839679383,0.07062218512423453
21920,583.1025680720028,14.396853702202918,0.07053680646359028
21930,582.3976264705409,14.379448632047936,0.07045153102144146
21940,581.6935371079283,14.362064603745115,0.07036635867300216
21950,580.9902989538507,14.344701591855907,0.07028128929363724
21960,580.2879109792403,14.327359570972536,0.0701963227588623
21970,579.5863721562725,14.310038515717922,0.07011145894434337
21980,578.8856814583664,14.29273840074569,0.07002669772589691
21990,578.1858378601813,14.275459200740091,0.06994203897948942
22000,577.4868403376163,14.258200890415983,0.06985748258123735
22010,576.7886878678083,14.240963444518789,0.06977302840740693
22020,576.091379429132,14.223746837824482,0.06968867633441404
22030,575.3949140011956,14.20655104513951,0.0696044262388239
22040,574.6992905648416,14.189376041300775,0.06952027799735092
22050,574.0045081021452,14.17222180117563,0.06943623148685868
22060,573.3105655964114,14.155088299661783,0.06935228658435953
22070,572.6174620321743,14.137975511687292,0.06926844316701451
22080,571.925196395196,14.120883412210537,0.06918470111213318
22090,571.2337676724652,14.103811976220175,0.06910106029717349
22100,570.5431748521943,14.086761178735083,0.06901752059974142
22110,569.8534169238196,14.069730994804358,0.06893408189759102
22120,569.1644928779984,14.052721399507236,0.06885074406862403
22130,568.4764017066096,14.03573236795312,0.06876750699088993
22140,567.7891424027493,14.018763875281461,0.06868437054258551
22150,567.1027139607318,14.001815896661792,0.06860133460205486
22160,566.4171153760874,13.984888407293672,0.06851839904778921
22170,565.7323456455599,13.967981382406615,0.06843556375842658
22180,565.0484037671067,13.951094797260097,0.06835282861275176
22190,564.365288739896,13.934228627143495,0.06827019348969604
22200,563.6829995643069,13.917382847376086,0.06818765826833721
22210,563.0015352419264,13.900557433306957,0.06810522282789912
22220,562.3208947755479,13.883752360314997,0.06802288704775161
22230,561.6410771691718,13.866967603808883,0.06794065080741049
22240,560.9620814280016,13.850203139227004,0.06785851398653714
22250,560.2839065584437,13.833458942037444,0.06777647646493841
22260,559.6065515681054,13.816734987737943,0.06769453812256647
22270,558.9300154657946,13.800031251855879,0.06761269883951869
22280,558.2542972615165,13.783347709948197,0.06753095849603731
22290,557.5793959664741,13.766684337601408,0.06744931697250939
22300,556.9053105930648,13.750041110431518,0.06736777414946657
22310,556.2320401548808,13.733418004084031,0.06728632990758497
22320,555.5595836667065,13.716814994233891,0.06720498412768493
22330,554.8879401445172,13.700232056585437,0.06712373669073085
22340,554.2171086054783,13.683669166872397,0.06704258747783111
22350,553.547088067943,13.667126300857827,0.06696153637023777
22360,552.8778775514513,13.650603434334082,0.06688058324934645
22370,552.2094760767285,13.634100543122782,0.06679972799669615
22380,551.5418826656843,13.617617603074796,0.06671897049396915
22390,550.8750963414101,13.601154590070161,0.06663831062299069
22400,550.209116128179,13.584711480018095,0.06655774826572892
22410,549.5439410514427,13.568288248856916,0.06647728330429464
22420,548.8795701378326,13.551884872554066,0.06639691562094126
22430,548.2160024151558,13.535501327106017,0.06631664509806447
22440,547.5532369123945,13.519137588538253,0.06623647161820209
22450,546.891272659706,13.502793632905275,0.06615639506403412
22460,546.2301086884189,13.4864694362905,0.06607641531838221
22470,545.5697440310336,13.470164974806275,0.06599653226420976
22480,544.9101777212194,13.453880224593815,0.06591674578462163
22490,544.2514087938149,13.437615161823198,0.06583705576286406
22500,543.5934362848249,13.421369762693296,0.06575746208232436
22510,542.9362592314194,13.405144003431753,0.06567796462653087
22520,542.2798766719328,13.388937860294961,0.06559856327915271
22530,541.6242876458622,13.372751309568018,0.06551925792399968
22540,540.9694911938656,13.356584327564686,0.065440048445022
22550,540.3154863577607,13.34043689062736,0.0653609347263102
22560,539.6622721805244,13.324308975127055,0.06528191665209498
22570,539.0098477062894,13.308200557463325,0.06520299410674694
22580,538.358211980345,13.292111614064277,0.06512416697477652
22590,537.7073640491337,13.276042121386492,0.0650454351408337
22600,537.0573029602522,13.259992055915049,0.06496679848970806
22610,536.4080277624472,13.243961394163422,0.0648882569063283
22620,535.7595375056161,13.227950112673494,0.06480981027576231
22630,535.1118312408051,13.21195818801551,0.06473145848321699
22640,534.4649080202073,13.195985596788036,0.06465320141403791
22650,533.8187668971618,13.18003231561793,0.06457503895370931
22660,533.1734069261515,13.164098321160294,0.06449697098785381
22670,532.5288271628037,13.14818359009848,0.06441899740223243
22680,531.8850266638866,13.132288099144013,0.0643411180827442
22690,531.2420044873085,13.116411825036566,0.06426333291542612
22700,530.5997596921169,13.10055474454394,0.06418564178645293
22710,529.9582913384971,13.084716834462029,0.06410804458213706
22720,529.3175984877705,13.068898071614768,0.06403054118892833
22730,528.6776802023929,13.053098432854117,0.06395313149341379
22740,528.0385355459541,13.037317895060022,0.06387581538231772
22750,527.4001635831758,13.02155643514038,0.06379859274250126
22760,526.7625633799099,13.005814030030992,0.06372146346096232
22770,526.1257340031383,12.990090656695559,0.06364442742483543
22780,525.4896745209709,12.974386292125633,0.06356748452139167
22790,524.8543840026435,12.958700913340564,0.06349063463803827
22800,524.2198615185181,12.943034497387506,0.06341387766231864
22810,523.5861061400794,12.927387021341339,0.0633372134819121
22820,522.9531169399361,12.911758462304682,0.06326064198463387
22830,522.3208929918167,12.89614879740782,0.06318416305843466
22840,521.6894333705701,12.880558003808687,0.06310777659140071
22850,521.058737152164,12.86498605869284,0.0630314824717536
22860,520.4288034136827,12.849432939273417,0.06295528058784994
22870,519.7996312333263,12.833898622791091,0.0628791708281814
22880,519.1712196904093,12.81838308651406,0.06280315308137438
22890,518.5435678653599,12.802886307738014,0.06272722723619004
22900,517.9166748397173,12.787408263786073,0.0626513931815239
22910,517.290539696131,12.771948932008772,0.06257565080640587
22920,516.66516151836,12.756508289784048,0.0625
22930,516.0405393912711,12.74108631451717,0.06242444065160435
22940,515.4166724008367,12.725682983640727,0.062348972650650765
22950,514.7935596341346,12.710298274614582,0.06227359588670479
22960,514.1712001793468,12.694932164925874,0.062198310249465524
22970,513.5495931257569,12.67958463208893,0.06212311562876535
22980,512.9287375637499,12.664255653645279,0.06204801191456987
22990,512.3086325848101,12.648945207163585,0.06197299899697767
23000,511.68927728152084,12.633653270239655,0.061898076766220285
23010,511.07067074756185,12.61837982049636,0.061823245112661886
23020,510.4528120777086,12.603124835583625,0.061748503926799175
23030,509.83570036783135,12.587888293178409,0.06167385309926132
23040,509.21933471489314,12.572670170984651,0.061599292520809645
23050,508.60371421694873,12.557470446733243,0.06152482208233755
23060,507.988837973143,12.54228909818199,0.06145044167487032
23070,507.3747050837107,12.527126103115613,0.06137615118956506
23080,506.76131464997366,12.511981439345666,0.06130195051771039
23090,506.1486657743404,12.496855084710537,0.06122783955072637
23100,505.5367575603043,12.4817470170754,0.06115381818016431
23110,504.92558911244333,12.466657214332205,0.06107988629770672
23120,504.31515953641724,12.451585654399613,0.06100604379516695
23130,503.70546793896705,12.436532315222982,0.060932290564489164
23140,503.0965134279142,12.421497174774343,0.06085862649774824
23150,502.48829511215837,12.406480211052353,0.060785051487149445
23160,501.88081210167644,12.39148140208226,0.060711565425028396
23170,501.27406350752125,12.376500725915884,0.06063816820385084
23180,500.66804844182093,12.361538160631586,0.060564859716212616
23190,500.06276601777626,12.34659368433422,0.06049163985483931
23200,499.4582153496605,12.331667275155112,0.06041850851258625
23210,498.85439555281744,12.316758911252021,0.06034546558243824
23220,498.25130574366096,12.301868570809132,0.06027251095750957
23230,497.64894503967247,12.28699623203698,0.06019964453104366
23240,497.04731255940055,12.272141873172455,0.06012686619641298
23250,496.4464074224597,12.257305472478757,0.060054175847118994
23260,495.8462287495284,12.242487008245366,0.05998157337679185
23270,495.2467756623483,12.227686458788002,0.0599090586791903
23280,494.64804728372246,12.212903802448595,0.05983663164820152
23290,494.0500427375154,12.198139017595286,0.05976429217784106
23300,493.45276114864987,12.183392082622339,0.05969204016225249
23310,492.8562016431068,12.168662975950145,0.05961987549570739
23320,492.26036334792417,12.1539516760252,0.05954779807260521
23330,491.6652453911949,12.139258161320035,0.059475807787473016
23340,491.0708469020661,12.124582410333218,0.059403904534965385
23350,490.4771670107375,12.109924401589305,0.05933208820986424
23360,489.884204848461,12.09528411363883,0.059260358707078784
23370,489.2919595475382,12.080661525058238,0.05918871592164519
23380,488.70043024131985,12.066056614449888,0.05911715974872654
23390,488.10961606420426,12.051469360441995,0.05904569008361266
23400,487.51951615163676,12.03689974168863,0.05897430682172002
23410,486.93012964010745,12.022347736869657,0.05890300985859147
23420,486.34145566715006,12.007813324690709,0.05883179908989611
23430,485.75349337134196,11.993296483883183,0.05876067441142928
23440,485.1662418923011,11.978797193204173,0.058689635719112204
23450,484.5797003706859,11.964315431436457,0.05861868290899197
23460,483.9938679481933,11.94985117738846,0.058547815877241303
23470,483.40874376755875,11.935404409894243,0.05847703452015853
23480,482.8243269725533,11.920975107813438,0.05840633873416727
23490,482.2406167079834,11.906563250031242,0.05833572841581639
23500,481.65761211968913,11.892168815458371,0.0582652034617798
23510,481.075312354544,11.877791783031057,0.058194763768856406
23520,480.493716560452,11.863432131710974,0.058124409233969776
23530,479.91282388634755,11.849089840485238,0.05805413975416813
23540,479.3326334821944,11.83476488836638,0.0579839552266242
23550,478.7531444989834,11.820457254392286,0.05791385554863498
23560,478.17435608873194,11.806166917626198,0.057843840617621614
23570,477.59626740448243,11.791893857156651,0.05777391033112927
23580,477.018877600302,11.777638052097494,0.057704064586827045
23590,476.44218583127946,11.76339948158779,0.057634303282507654
23600,475.8661912535256,11.749178124791843,0.05756462631608743
23610,475.2908930241711,11.734973960899136,0.05749503358560607
23620,474.7162903013664,11.72078696912433,0.05742552498922664
23630,474.1423822442788,11.706617128707187,0.0573561004252352
23640,473.5691680130923,11.69246441891258,0.05728675979204083
23650,472.9966467690068,11.678328819030462,0.05721750298817547
23660,472.42481767423567,11.664210308375804,0.057148329912293655
23670,471.8536798920052,11.650108866288589,0.05707924046317248
23680,471.28323258655325,11.636024472133782,0.0570102345397114
23690,470.71347492312856,11.621957105301293,0.05694131204093213
23700,470.14440606798865,11.607906745205954,0.05687247286597842
23710,469.57602518839866,11.593873371287463,0.05680371691411595
23720,469.0083314526313,11.579856963010402,0.056735044084732233
23730,468.44132402996416,11.565857499864162,0.056666454277336374
23740,467.87500209067935,11.551874961362934,0.05659794739155897
23750,467.3093648060617,11.53790932704567,0.056529523327151936
23760,466.7444113483987,11.523960576476073,0.056461181983988466
23770,466.1801408909779,11.51002868924254,0.05639292326206272
23780,465.6165526080864,11.496113644958148,0.056324747061489794
23790,465.0536456750094,11.482215423260616,0.05625665328250551
23800,464.49141926802974,11.468334003812293,0.056188641825466366
23810,463.92987256442547,11.454469366300104,0.056120712590849255
23820,463.36900474246926,11.440621490435527,0.056052865479251396
23830,462.80881498142793,11.42679035595459,0.05598510039139025
23840,462.24930246155964,11.412975942617793,0.05591741722810322
23850,461.69046636411423,11.399178230210122,0.05584981589034765
23860,461.13230587133063,11.385397198540986,0.05578229627920055
23870,460.57482016643746,11.371632827444227,0.05571485829585863
23880,460.01800843364987,11.357885096778045,0.05564750184163796
23890,459.4618698581696,11.344153986424999,0.055580226817973956
23900,458.90640362618325,11.330439476291964,0.05551303312642115
23910,458.3516089248618,11.316741546310123,0.05544592066865316
23920,457.7974849423584,11.303060176434903,0.05537888934646243
23930,457.2440308678075,11.289395346645964,0.0553119390617601
23940,456.6912458913247,11.275747036947187,0.05524506971657599
23950,456.1391292040039,11.262115227366612,0.055178281213058275
23960,455.58767999791723,11.248499897956426,0.05511157345347346
23970,455.03689746611326,11.234901028792928,0.055044946340206166
23980,454.4867808026169,11.221318599976524,0.05497839977575913
23990,453.9373292024268,11.207752591631655,0.05491193366275285
24000,453.3885418615148,11.1942029839068,0.0548455479039256
24010,452.84041797682477,11.180669756974432,0.0547792424021332
24020,452.292956746272,11.167152891031007,0.05471301706034899
24030,451.74615736874085,11.15365236629691,0.05464687178166354
24040,451.2000190440843,11.14016816301644,0.05458080646928458
24050,450.654540973123,11.12670026145779,0.05451482102653692
24060,450.1097223576435,11.113248641913,0.054448915356862186
24070,449.56556240039714,11.099813284697928,0.05438308936381875
24080,449.0220603050993,11.08639417015224,0.05431734295108155
24090,448.4792152764284,11.072991278639373,0.054251676022442075
24100,447.9370265200239,11.059604590546495,0.05418608848180803
24110,447.39549324248543,11.046234086284485,0.054120580233203285
24120,446.8546146513725,11.032879746287916,0.054055151180767834
24130,446.3143899552021,11.019541551015003,0.05398980122875747
24140,445.77481836344816,11.006219480947586,0.05392453028154377
24150,445.2358990865402,10.9929135165911,0.0538593382436139
24160,444.69763133586287,10.979623638474564,0.05379422501957056
24170,444.1600143237536,10.966349827150523,0.05372919051413171
24180,443.6230472635022,10.953092063195028,0.05366423463213053
24190,443.0867293693496,10.93985032720762,0.05359935727851521
24200,442.55105985648703,10.926624599811303,0.053534558358348965
24210,442.016037941054,10.913414861652491,0.053469837776809664
24220,441.48166284013763,10.900221093400997,0.05340519543918984
24230,440.94793377177234,10.887043275750022,0.053340631250896595
24240,440.41484995493704,10.873881389416088,0.0532761451174513
24250,439.88241060955517,10.860735415139033,0.053211736944489586
24260,439.3506149564931,10.847605333681978,0.05314740663776114
24270,438.81946221755953,10.834491125831317,0.05308315410312964
24280,438.28895161550366,10.821392772396656,0.05301897924657254
24290,437.7590823740143,10.808310254210802,0.05295488197418095
24300,437.22985371771875,10.795243552129739,0.05289086219215952
24310,436.7012648721821,10.782192647032597,0.052826919806826335
24320,436.17331506390525,10.769157519821615,0.05276305472461268
24330,435.64600352032426,10.756138151422125,0.052699266852062956
24340,435.11932946980954,10.743134522782523,0.052635556095834625
24350,434.59329214166405,10.73014661487423,0.05257192236269791
24360,434.06789076612245,10.717174408691672,0.052508365559535794
24370,433.54312457435,10.704217885252254,0.052444885593343774
24380,433.0189927984419,10.691277025596337,0.05238148237122989
24390,432.49549467142117,10.678351810787191,0.052318155800414386
24400,431.97262942723813,10.665442221910984,0.052254905788229694
24410,431.45039630076957,10.652548240076758,0.05219173224212033
24420,430.92879452781705,10.639669846416382,0.052128635069642645
24430,430.40782334510584,10.626807022084538,0.05206561417846477
24440,429.8874819902841,10.613959748258692,0.052002669476366434
24450,429.36776970192193,10.601128006139074,0.05193980087123893
24460,428.8486857195095,10.588311776948627,0.05187700827108483
24470,428.33022928345673,10.575511041933009,0.051814291584017964
24480,427.81239963509137,10.56272578236053,0.0517516507182632
24490,427.29519601665925,10.549955979522176,0.05168908558215646
24500,426.77861767132134,10.537201614731524,0.05162659608414437
24510,426.2626638431541,10.524462669324757,0.05156418213278429
24520,425.7473337771479,10.511739124660618,0.051501843636744156
24530,425.2326267192056,10.499030962120385,0.051439580504802275
24540,424.718541916142,10.486338163107847,0.05137739264584725
24550,424.205078615682,10.473660709049268,0.051315279968877824
24560,423.69223606646074,10.46099858139338,0.051253242383002794
24570,423.180013518021,10.448351761611331,0.0511912797974408
24580,422.6684102208132,10.435720231196676,0.05112939212152025
24590,422.1574254261936,10.423103971665332,0.051067579264679135
24600,421.6470583864241,10.410502964555585,0.05100584113646501
24610,421.13730835467015,10.39791719142802,0.050944177646534715
24620,420.6281745849999,10.385346633865515,0.05088258870465429
24630,420.1196563323839,10.372791273473227,0.05082107422069897
24640,419.6117528526929,10.36025109187854,0.050759634104652826
24650,419.1044634026976,10.347726070731058,0.05069826826660884
24660,418.59778724006674,10.335216191702555,0.0506369766167686
24670,418.0917236233671,10.322721436486981,0.05057575906544237
24680,417.58627181206157,10.31024178680041,0.05051461552304876
24690,417.08143106650806,10.29777722438101,0.0504535459001147
24700,416.5772006479588,10.285327730989039,0.050392550107275266
24710,416.0735798185597,10.272893288406811,0.05033162805527365
24720,415.5705678413479,10.260473878438649,0.050270779654960865
24730,415.0681639802516,10.248069482910875,0.05021000481729571
24740,414.5663675000895,10.2356800836718,0.05014930345334471
24750,414.0651776665685,10.223305662591661,0.050088675474281814
24760,413.56459374628344,10.21094620156262,0.0500281207913884
24770,413.0646150067155,10.198601682498726,0.049967639316053074
24780,412.5652407162321,10.186272087335901,0.04990723095977163
24790,412.06647014408463,10.173957398031902,0.04984689563414679
24800,411.5683025604079,10.16165759656629,0.049786633250888175
24810,411.07073723621954,10.149372664940428,0.04972644372181216
24820,410.5737734434181,10.137102585177427,0.049666326958841704
24830,410.07741045478235,10.12484733932213,0.04960628287400625
24840,409.5816475439703,10.11260690944109,0.04954631137944158
24850,409.0864839855184,10.10038127762255,0.04948641238738975
24860,408.59191905483976,10.088170425976394,0.049426585810198875
24870,408.0979520282235,10.075974336634134,0.049366831560323024
24880,407.6045821828336,10.06379299174889,0.0493071495503221
24890,407.11180879670854,10.051626373495365,0.04924753969286179
24900,406.6196311487588,10.039474464069798,0.04918800190071328
24910,406.1280485187669,10.027337245689955,0.049128536086753216
24920,405.6370601873864,10.015214700595108,0.04906914216396365
24930,405.1466654361402,10.003106811045996,0.049009820045431765
24940,404.65686354741973,9.991013559324799,0.04895056964434982
24950,404.16765380448396,9.978934927735118,0.04889139087401503
24960,403.6790354914589,9.966870898601961,0.04883228364782946
24970,403.19100789333527,9.954821454271686,0.048773247879299826
24980,402.70357029596875,9.94278657711201,0.04871428348203743
24990,402.21672198607786,9.930766249511946,0.04865539036975798
25000,401.73046225124415,9.918760453881822,0.048596568456281575
25010,401.24479037990994,9.906769172653215,0.04853781765553243
25020,400.7597056613776,9.89479238827894,0.04847913788153882
25030,400.2752073858095,9.882830083233044,0.048420529048433025
25040,399.7912948442253,9.870882240010737,0.04836199107045106
25050,399.30796732850234,9.85894884112841,0.04830352386193266
25060,398.8252241313736,9.847029869123576,0.04824512733732109
25070,398.3430645464277,9.835125306554879,0.04818680141116311
25080,397.86148786810674,9.823235136002031,0.048128545998108736
25090,397.38049339170607,9.811359340065813,0.04807036101291118
25100,396.9000804133728,9.799497901368033,0.048012246370426684
25110,396.42024823010524,9.78765080255152,0.0479542019856145
25120,395.94099613975146,9.77581802628008,0.04789622777353663
25130,395.46232344100815,9.763999555238472,0.04783832364935776
25140,394.98422943342035,9.752195372132402,0.047780489528345176
25150,394.5067134173795,9.740405459688473,0.047722725325868576
25160,394.02977469412303,9.728629800654177,0.047665030957399976
25170,393.55341256573286,9.716868377797853,0.047607406338513555
25180,393.07762633513516,9.705121173908688,0.04754985138488563
25190,392.60241530609846,9.693388171796665,0.04749236601229439
25200,392.1277787832328,9.681669354292547,0.04743495013661986
25210,391.65371607198966,9.669964704247866,0.0473776036738438
25220,391.18022647865945,9.658274204534873,0.0473203265400495
25230,390.70730931037156,9.646597838046533,0.04726311865142173
25240,390.2349638750928,9.634935587696484,0.047205979924246536
25250,389.7631894816271,9.623287436419037,0.04714891027491126
25260,389.29198543961354,9.611653367169117,0.04709190961990426
25270,388.821351059526,9.600033362922265,0.047034977875814864
25280,388.35128565267183,9.588427406674597,0.04697811495933323
25290,387.8817885311913,9.5768354814428,0.046921320787250295
25300,387.412859008056,9.565257570264075,0.046864595276457525
25310,386.94449639706784,9.553693656196138,0.04680793834394686
25320,386.47670001285906,9.542143722317196,0.04675134990681065
25330,386.0094691708898,9.5306077517259,0.04669482988224143
25340,385.5428031874481,9.519085727541338,0.04663837818753186
25350,385.07670137964834,9.50757763290301,0.04658199474007456
25360,384.6111630654308,9.496083450970795,0.04652567945736208
25370,384.14618756356003,9.484603164924938,0.04646943225698666
25380,383.6817741936244,9.473136757966007,0.046413253056640194
25390,383.21792227603447,9.461684213314886,0.046357141774114055
25400,382.75463113202295,9.450245514212746,0.046301098327299055
25410,382.2919000836429,9.438820643921021,0.04624512263418523
25420,381.8297284537666,9.427409585721367,0.046189214612861754
25430,381.36811556608563,9.416012322915668,0.04613337418151687
25440,380.90706074510877,9.404628838825987,0.04607760125843769
25450,380.44656331616153,9.393259116794553,0.046021895762010136
25460,379.98662260538475,9.381903140183724,0.04596625761071874
25470,379.5272379397347,9.37056089237599,0.0459106867231467
25480,379.06840864698063,9.359232356773914,0.04585518301797553
25490,378.6101340557045,9.347917516800127,0.04579974641398508
25500,378.15241349530066,9.336616355897315,0.045744376830053446
25510,377.6952462959734,9.325328857528163,0.04568907418515673
25520,377.2386317887372,9.314055005175362,0.045633838398369035
25530,376.78256930541505,9.30279478234156,0.045578669388862236
25540,376.3270581786381,9.291548172549364,0.04552356707590602
25550,375.87209774184396,9.280315159341288,0.0454685313788676
25560,375.41768732927625,9.269095726279751,0.04541356221721168
25570,374.9638262759832,9.257889856947031,0.045358659510500325
25580,374.5105139178175,9.246697534945277,0.045303823178392905
25590,374.05774959143423,9.23551874389644,0.04524905314064584
25600,373.60553263429046,9.224353467442281,0.045194349317112574
25610,373.1538623846447,9.213201689244343,0.04513971162774351
25620,372.70273818155493,9.202063392983908,0.04508513999258574
25630,372.25215936487854,9.190938562361998,0.04503063433178307
25640,371.8021252752706,9.179827181099329,0.04497619456557581
25650,371.3526352541839,9.168729232936311,0.04492182061430075
25660,370.9036886438668,9.157644701633,0.04486751239839094
25670,370.4552847873632,9.146573570969093,0.044813269838375636
25680,370.0074230285108,9.13551582474388,0.044759092854880146
25690,369.5601027119414,9.124471446776267,0.04470498136862582
25700,369.11332318307825,9.113440420904697,0.04465093530042977
25710,368.6670837881361,9.10242273098715,0.04459695457120483
25720,368.22138387412076,9.091418360901148,0.04454303910195953
25730,367.7762227888268,9.080427294543677,0.044489188813797834
25740,367.3315998808373,9.069449515831197,0.044435403627919076
25750,366.8875144995231,9.058485008699618,0.04438168346561788
25760,366.4439659950417,9.047533757104272,0.04432802824828405
25770,366.00095371833595,9.036595745019877,0.044274437897402374
25780,365.5584770211336,9.025670956440539,0.04422091233455259
25790,365.11653525594585,9.014759375379699,0.0441674514814092
25800,364.6751277760671,9.00386098587014,0.044114055259741485
25810,364.2342539355733,8.992975771963941,0.04406072359141323
25820,363.79391308932117,8.982103717732459,0.044007456398382674
25830,363.35410459294775,8.971244807266313,0.04395425360270248
25840,362.91482780286884,8.960399024675352,0.04390111512651947
25850,362.4760820762784,8.94956635408864,0.043848040892074634
25860,362.03786677114704,8.938746779654418,0.04379503082170291
25870,361.6001812462225,8.927940285540105,0.04374208483783322
25880,361.16302486102705,8.917146855932252,0.04368920286298819
25890,360.72639697585726,8.906366475036528,0.04363638481978412
25900,360.2902969517835,8.8955991270777,0.043583630630930924
25910,359.8547241506482,8.884844796299605,0.04353094021923188
25920,359.41967793506547,8.874103466965126,0.04347831350758363
25930,358.9851576684197,8.863375123356168,0.043425750418976006
25940,358.5511627148655,8.852659749773656,0.043373250876492006
25950,358.11769243932565,8.841957330537474,0.04332081480330754
25960,357.68474620749083,8.831267849986471,0.043268442122691424
25970,357.2523233858186,8.820591292478428,0.04321613275800523
25980,356.8204233415327,8.809927642390042,0.04316388663270323
25990,356.3890454426216,8.799276884116892,0.04311170367033217
26000,355.95818905783744,8.788639002073417,0.04305958379453124
26010,355.5278535566965,8.778013980692917,0.043007526929031994
26020,355.09803830947646,8.76740180442749,0.04295553299765813
26030,354.66874268721665,8.756802457748043,0.04290360192432547
26040,354.2399660617164,8.746215925144247,0.04285173363304179
26050,353.81170780553526,8.735642191124542,0.0427999280479068
26060,353.3839672919906,8.725081240216078,0.0427481850931119
26070,352.9567438951577,8.714533056964719,0.04269650469294018
26080,352.53003698986845,8.70399762593501,0.042644886771766234
26090,352.1038459517108,8.693474931710162,0.042593331254056135
26100,351.6781701570273,8.682964958892015,0.04254183806436722
26110,351.2530089829145,8.672467692101034,0.04249040712734805
26120,350.8283618072223,8.661983115976271,0.04243903836773831
26130,350.40422800855237,8.651511215175354,0.04238773171036864
26140,349.98060696625777,8.641051974374452,0.042336487080160544
26150,349.5574980604418,8.630605378268259,0.042285304402126314
26160,349.1349006719576,8.620171411569988,0.04223418360136893
26170,348.7128141824063,8.609750059011313,0.04218312460308186
26180,348.2912379741369,8.59934130534238,0.04213212733254903
26190,347.87017143024485,8.588945135331759,0.042081191715144683
26200,347.44961393457197,8.578561533766452,0.04203031767633334
26210,347.02956487170445,8.568190485451836,0.04197950514166956
26220,346.6100236269725,8.557831975211663,0.04192875403679791
26230,346.19098958645003,8.547485987888038,0.041878064287452915
26240,345.77246213695236,8.537152508341384,0.04182743581945881
26250,345.3544406660367,8.526831521450429,0.04177686855872954
26260,344.9369245620002,8.51652301211218,0.04172636243126858
26270,344.5199132138801,8.506226965241913,0.04167591736316894
26280,344.10340601145174,8.495943365773122,0.0416255332806129
26290,343.68740234522835,8.485672198657532,0.041575210109872
26300,343.27190160646035,8.475413448865057,0.04152494777730697
26310,342.8569031871336,8.465167101383775,0.041474746209367495
26320,342.4424064799692,8.45493314121992,0.041424605332592214
26330,342.0284108784224,8.444711553397847,0.04137452507360855
26340,341.6149157766819,8.434502322960022,0.04132450535913268
26350,341.2019205696688,8.42430543496699,0.04127454611596934
26360,340.7894246530353,8.414120874497357,0.04122464727101175
26370,340.3774274231645,8.403948626647761,0.041174808751241514
26380,339.96592827716955,8.39378867653288,0.041125030483728564
26390,339.55492661289196,8.383641009285366,0.04107531239563093
26400,339.14442182890133,8.373505610055846,0.041025654414194715
26410,338.7344133244947,8.363382464012915,0.04097605646675404
26420,338.324900499695,8.353271556343085,0.04092651848073082
26430,337.91588275525044,8.343172872250776,0.04087704038363471
26440,337.5073594926338,8.333086396958297,0.040827622103063003
26450,337.0993301140418,8.323012115705836,0.04077826356670058
26460,336.69179402239325,8.312950013751404,0.040728964702319674
26470,336.2847506213293,8.302900076370848,0.04067972543777988
26480,335.87819931521165,8.292862288857808,0.040630545701027976
26490,335.4721395091226,8.282836636523712,0.0405814254200979
26500,335.06657060886334,8.272823104697737,0.04053236452311055
26510,334.6614920209532,8.262821678726796,0.040483362938273704
26520,334.25690315262966,8.252832343975532,0.04043442059388201
26530,333.8528034118462,8.24285508582626,0.040385537418316735
26540,333.4491922072724,8.232889889678983,0.04033671334004575
26550,333.04606894829243,8.222936740951342,0.040287948287623394
26560,332.64343304500494,8.212995625078621,0.04023924218969042
26570,332.2412839082213,8.203066527513704,0.040190594974973806
26580,331.8396209494653,8.193149433727058,0.040142006572286705
26590,331.43844358097243,8.183244329206726,0.040093476910528364
26600,331.03775121568844,8.17335119945829,0.04004500591868395
26610,330.6375432672689,8.16347003000485,0.03999659352582449
26620,330.23781915007805,8.153600806387011,0.039948239661106756
26630,329.83857827918877,8.14374351416287,0.03989994425377321
26640,329.43982007038034,8.133898138907965,0.0398517072331518
26650,329.04154394013875,8.124064666215284,0.039803528528655936
26660,328.6437493056551,8.114243081695227,0.039755408069784344
26670,328.24643558482563,8.104433370975597,0.03970734578612104
26680,327.8496021962498,8.094635519701564,0.039659341607335113
26690,327.4532485592301,8.084849513535657,0.03961139546318068
26700,327.0573740937712,8.07507533815774,0.03956350728349683
26710,326.66197822057893,8.06531297926499,0.039515676998207426
26720,326.2670603610592,8.055562422571864,0.039467904537321054
26730,325.8726199373175,8.0458236538101,0.03942018983093093
26740,325.47865637215824,8.036096658728686,0.039372532809214794
26750,325.0851690890835,8.026381423093838,0.03932493340243478
26760,324.692157512292,8.016677932688973,0.039277391540937324
26770,324.2996210666789,8.0069861733147,0.03922990715515308
26780,323.90755917783486,7.997306130788802,0.039182480175596834
26790,323.51597127204434,7.987637790946193,0.03913511053286733
26800,323.1248567762857,7.977981139638918,0.03908779815764722
26810,322.7342151182304,7.968336162736135,0.039040542980703016
26820,322.34404572624135,7.958702846124073,0.038993344932884866
26830,321.9543480293726,7.949081175706028,0.03894620394512653
26840,321.56512145736855,7.939471137402337,0.03889911994844526
26850,321.17636544066306,7.929872717150364,0.03885209287394176
26860,320.78807941037854,7.920285900904469,0.03880512265279995
26870,320.40026279832506,7.910710674635995,0.038758209216287004
26880,320.0129150369995,7.9011470243332385,0.038711352495753144
26890,319.6260355595852,7.891594936001447,0.03866455242263164
26900,319.2396237999505,7.882054395662779,0.03861780892843862
26910,318.853679192648,7.872525389356289,0.03857112194477299
26920,318.46820117291435,7.863007903137921,0.03852449140331641
26930,318.0831891766685,7.853501923080464,0.03847791723583307
26940,317.69864264051165,7.844007435273552,0.03843139937416968
26950,317.31456100172585,7.834524425823628,0.03838493775025533
26960,316.93094369827395,7.825052880853947,0.03833853229610146
26970,316.54779016879775,7.815592786504524,0.03829218294380163
26980,316.16509985261774,7.806144128932135,0.038245889625531514
26990,315.78287218973276,7.7967068943103,0.03819965227354884
27000,315.40110662081815,7.787281068829245,0.03815347082019316
27010,315.0198025872255,7.77786663869589,0.03810734519788585
27020,314.6389595309818,7.768463590133836,0.03806127533912998
27030,314.2585768947891,7.759071909383342,0.038015261176510266
27040,313.8786541220224,7.749691582701293,0.03796930264269286
27050,313.4991906567301,7.7403225963611915,0.037923399670425344
27060,313.1201859436326,7.730964936653137,0.0378775521925366
27070,312.74163942812174,7.721618589883807,0.03783176014193675
27080,312.36355055625967,7.712283542376424,0.03778602345161698
27090,311.98591877477816,7.7029597804707475,0.03774034205464949
27100,311.6087435310783,7.693647290523063,0.037694715884187435
27110,311.2320242732287,7.684346058906136,0.037649144873464734
27120,310.85576044996554,7.6750560720092125,0.037603628955796047
27130,310.4799515106912,7.66577731623799,0.03755816806457664
27140,310.1045969054742,7.656509778014611,0.037512762133282335
27150,309.7296960850474,7.647253443777624,0.03746741109546934
27160,309.3552485008078,7.63800829998197,0.037422114884774205
27170,308.9812536048157,7.628774333098971,0.03737687343491369
27180,308.6077108497941,7.619551529616308,0.03733168667968475
27190,308.2346196891271,7.610339876037988,0.0372865545529643
27200,307.8619795768599,7.601139358884338,0.03724147698870923
27210,307.48978996769785,7.591949964691987,0.03719645392095629
27220,307.11805031700544,7.582771680013835,0.03715148528382194
27230,306.7467600808055,7.573604491419037,0.03710657101150232
27240,306.3759187157783,7.564448385492983,0.037061711038273076
27250,306.0055256792618,7.555303348837296,0.037016905298489396
27260,305.63558042924905,7.546169368069782,0.03697215372658575
27270,305.26608242438886,7.537046429824428,0.036927456257075914
27280,304.89703112398416,7.527934520751377,0.036882812824552795
27290,304.52842598799225,7.518833627516929,0.036838223363688444
27300,304.1602664770225,7.50974373680348,0.03679368780923382
27310,303.79255205233665,7.500664835309535,0.036749206096018776
27320,303.4252821758482,7.491596909749693,0.03670477815895201
27330,303.0584563101206,7.482539946854595,0.03666040393302085
27340,302.6920739183672,7.473493933370933,0.03661608335329124
27350,302.3261344644502,7.464458856061419,0.0365718163549076
27360,301.96063741288043,7.4554347017047755,0.03652760287309285
27370,301.59558222881554,7.446421457095701,0.036483442843148105
27380,301.2309683780599,7.437419109044855,0.036439336200452754
27390,300.8667953270641,7.428427644378858,0.03639528288046433
27400,300.5030625429232,7.41944704994024,0.03635128281871835
27410,300.13976949337695,7.410477312587448,0.036307335950828294
27420,299.7769156468081,7.401518419194805,0.036263442212485446
27430,299.4145004722428,7.392570356652521,0.036219601539458905
27440,299.0525234393485,7.3836331118666365,0.03617581386759535
27450,298.690984018434,7.374706671759032,0.03613207913281906
27460,298.32988168044847,7.365791023267395,0.03608839727113175
27470,297.9692158969808,7.356886153345208,0.03604476821861254
27480,297.6089861402585,7.347992048961721,0.036001191911417804
27490,297.2491918831472,7.339108697101944,0.03595766828578109
27500,296.88983259914994,7.330236084766615,0.03591419727801307
27510,296.5309077624061,7.321374198972194,0.0358707788245014
27520,296.17241684769095,7.312523026750833,0.035827412861710616
27530,295.81435933041433,7.303682555150357,0.03578409932618207
27540,295.45673468662096,7.294852771234262,0.035740838154533876
27550,295.0995423929885,7.286033662081675,0.035697629283460736
27560,294.7427819268274,7.277225214787344,0.03565447264973389
27570,294.3864527660798,7.268427416461615,0.035611368190201
27580,294.03055438931955,7.2596402542304315,0.03556831584178612
27590,293.6750862757504,7.250863715235287,0.03552531554148954
27600,293.32004790520574,7.242097786633221,0.03548236722638769
27610,292.96543875814814,7.233342455596811,0.03543947083363311
27620,292.6112583156679,7.22459770931413,0.03539662630045429
27630,292.25750605948286,7.215863534988745,0.03535383356415561
27640,291.9041814719372,7.20713991983969,0.03531109256211726
27650,291.5512840360014,7.198426851101459,0.03526840323179514
27660,291.19881323527056,7.189724316023971,0.03522576551072074
27670,290.84676855396424,7.18103230187256,0.03518317933650109
27680,290.49514947692535,7.1723507959279535,0.03514064464681862
27690,290.1439554896201,7.163679785486266,0.03509816137943114
27700,289.7931860781364,7.155019257858964,0.0350557294721717
27710,289.4428407291832,7.146369200372845,0.035013348862948455
27720,289.0929189300906,7.137729600370045,0.0349710194897447
27730,288.74342016880814,7.129100445207992,0.034928741290618674
27740,288.3943439339043,7.120481722259397,0.03488651420370348
27750,288.045689714566,7.111873418912241,0.03484433816720702
27760,287.69745700059775,7.103275522569753,0.034802213119411944
27770,287.3496452824209,7.09468802065039,0.03476013899867547
27780,287.0022540510726,7.086110900587815,0.03471811574342934
27790,286.65528279820563,7.0775441498308895,0.03467614329217976
27800,286.30873101608717,7.068987755843646,0.034634221583507256
27810,285.96259819759814,7.060441706105271,0.0345923505560666
27820,285.61688383623255,7.051905988110086,0.034550530148586736
27830,285.27158742609714,7.043380589367541,0.03450876029987071
27840,284.92670846190975,7.034865497402178,0.034467040948795505
27850,284.58224643899933,7.026360699753621,0.03442537203431203
27860,284.23820085330476,7.017866183976558,0.03438375349544496
27870,283.8945712013747,7.009381937640731,0.034342185271292756
27880,283.551356980366,7.000907948330899,0.034300667301027446
27890,283.20855768804364,6.992444203646835,0.0342591995238946
27900,282.8661728227799,6.983990691203306,0.03421778187921328
27910,282.5242018835533,6.975547398630047,0.03417641430637587
27920,282.1826443699481,6.96711431357175,0.034135096744848034
27930,281.84149978215345,6.958691423688043,0.034093829134168606
27940,281.50076762096313,6.950278716653478,0.03405261141394955
27950,281.160447387774,6.9418761801575,0.03401144352387581
27960,280.820538584586,6.933483801904444,0.03397032540370526
27970,280.48104071400076,6.9251015696135,0.03392925699326856
27980,280.1419532792218,6.916729471018721,0.0338882382324692
27990,279.8032757840528,6.908367493868974,0.03384726906128325
28000,279.4650077328972,6.900015625927939,0.03380634941975934
28010,279.12714863075826,6.891673854974099,0.033765479248018655
28020,278.78969798323703,6.883342168800704,0.033724658486254694
28030,278.45265529653244,6.87502055521576,0.03368388707473329
28040,278.11602007744034,6.866709002042015,0.03364316495379248
28050,277.7797918333533,6.8584074971169455,0.033602492063842464
28060,277.44397007225865,6.850116028292719,0.03356186834536543
28070,277.10855430273915,6.841834583436198,0.033521293738915554
28080,276.77354403397146,6.833563150428912,0.03348076818511888
28090,276.4389387757256,6.825301717167039,0.03344029162467322
28100,276.10473803836436,6.817050271561394,0.03339986399834809
28110,275.77094133284214,6.808808801537398,0.03335948524698457
28120,275.437548170705,6.800577295035079,0.03331915531149534
28130,275.1045580640894,6.792355740009046,0.033278874132864456
28140,274.77197052572143,6.78414412442846,0.03323864165214733
28150,274.4397850689163,6.775942436277033,0.03319845781047063
28160,274.10800120757784,6.767750663553007,0.033158322549032226
28170,273.77661845619735,6.759568794269129,0.03311823580910106
28180,273.44563632985296,6.751396816452637,0.03307819753201705
28190,273.11505434420945,6.74323471814525,0.033038207659191104
28200,272.7848720155168,6.735082487403138,0.03299826613210488
28210,272.45508886060975,6.7269401122969095,0.03295837289231082
28220,272.1257043969074,6.718807580911598,0.03291852788143202
28230,271.79671814241243,6.710684881346648,0.03287873104116218
28240,271.4681296157097,6.702572001715876,0.03283898231326544
28250,271.13993833596646,6.694468930147482,0.032799281639576364
28260,270.8121438229311,6.686375654784009,0.03275962896199984
28270,270.4847455969328,6.678292163782343,0.032720024222511
28280,270.1577431788805,6.670218445313683,0.032680467363155115
28290,269.8311360902622,6.6621544875635275,0.03264095832604749
28300,269.5049238531447,6.654100278731662,0.03260149705337347
28310,269.1791059901725,6.6460558070321385,0.03256208348738826
28320,268.853682024567,6.638021060693249,0.032522717570416866
28330,268.52865148012603,6.629996027957523,0.03248339924485402
28340,268.2040138812236,6.621980697081711,0.03244412845316415
28350,267.87976875280816,6.613975056336749,0.03240490513788117
28360,267.5559156204027,6.6059790940077585,0.03236572924160851
28370,267.23245401010365,6.597992798394018,0.032326600707018954
28380,266.9093834485808,6.590016157808963,0.03228751947685465
28390,266.5867034630758,6.582049160580148,0.032248485493926914
28400,266.26441358140187,6.57409179504924,0.03220949870111622
28410,265.9425133319433,6.5661440495720065,0.0321705590413721
28420,265.62100224365423,6.558205912518283,0.03213166645771306
28430,265.2998798460585,6.550277372271972,0.03209282089322647
28440,264.9791456692485,6.5423584172310125,0.032054022291068525
28450,264.6587992438852,6.534449035807383,0.03201527059446416
28460,264.3388401011965,6.52654921642706,0.0319765657467069
28470,264.019267772977,6.51865894753001,0.031937907691158854
28480,263.7000817915878,6.510778217570188,0.03189929637125062
28490,263.38128168995496,6.502907015015496,0.03186073173048116
28500,263.06286700156926,6.495045328347782,0.03182221371241773
28510,262.7448372604854,6.487193146062815,0.03178374226069583
28520,262.42719200132177,6.479350456670282,0.03174531731901913
28530,262.10993075925904,6.471517248693753,0.03170693883115932
28540,261.79305307003983,6.463693510670672,0.03166860674095606
28550,261.476558469968,6.45587923115234,0.031630320992316927
28560,261.16044649590833,6.44807439870391,0.03159208152921733
28570,260.84471668528516,6.440279001904346,0.03155388829570037
28580,260.52936857608194,6.4324930293464195,0.03151574123587679
28590,260.21440170684133,6.424716469636708,0.03147764029392497
28600,259.89981561666315,6.416949311395546,0.0314395854140907
28610,259.5856098452048,6.409191543257033,0.031401576540687204
28620,259.27178393267997,6.401443153869007,0.03136361361809502
28630,258.95833741985865,6.3937041318930365,0.03132569659076195
28640,258.64526984806554,6.385974466004388,0.03128782540320294
28650,258.33258075918013,6.3782541448920265,0.031250000000000014
28660,258.02026969563553,6.370543157258585,0.031212220325802176
28670,257.70833620041833,6.3628414918203635,0.031174486325325382
28680,257.3967798170674,6.355149137307294,0.031136797943352407
28690,257.08560008967333,6.347466082462935,0.031099155124732755
28700,256.77479656287846,6.339792316044465,0.031061557814382676
28710,256.46436878187495,6.3321278268226395,0.031024005957284936
28720,256.15431629240516,6.324472603581795,0.030986499498488848
28730,255.84463864076042,6.316826635119828,0.030949038383110142
28740,255.5353353737809,6.309189910248179,0.03091162255633094
28750,255.22640603885438,6.301562417791814,0.030874251963399598
28760,254.91785018391576,6.293944146589207,0.03083692654963067
28770,254.60966735744654,6.286335085492325,0.03079964626040482
28780,254.30185710847434,6.2787352233666205,0.030762411041168773
28790,253.9944189865716,6.271144549090997,0.03072522083743517
28800,253.68735254185532,6.263563051557806,0.030688075594782527
28810,253.3806573249868,6.255990719672832,0.03065097525885519
28820,253.07433288717016,6.248427542355268,0.030613919775363183
28830,252.76837878015226,6.240873508537703,0.03057690909008217
28840,252.46279455622164,6.233328607166102,0.030539943148853357
28850,252.1575797682086,6.225792827199806,0.03050302189758347
28860,251.8527339694836,6.218266157611493,0.030466145282244592
28870,251.5482567139571,6.2107485873871715,0.03042931324887412
28880,251.24414755607916,6.203240105526175,0.03039252574357472
28890,250.9404060508382,6.19574070104113,0.030355782712514195
28900,250.63703175376074,6.188250362957945,0.030319084101925433
28910,250.33402422091044,6.180769080315793,0.030282429858106304
28920,250.0313830088881,6.173296842167109,0.03024581992741965
28930,249.72910767483023,6.165833637577555,0.03020925425629312
28940,249.4271977764088,6.1583794556260125,0.03017273279121913
28950,249.12565287183045,6.150934285404565,0.030136255478754783
28960,248.82447251983623,6.14349811601849,0.03009982226552183
28970,248.52365627970036,6.136070936586229,0.0300634330982065
28980,248.22320371122981,6.128652736239379,0.030027087923559494
28990,247.92311437476417,6.121243504122682,0.029990786688395922
29000,247.6233878311741,6.113843229394,0.029954529339595148
29010,247.32402364186132,6.1064519012243,0.02991831582410077
29020,247.02502136875768,6.099069508797642,0.029882146088920526
29030,246.7263805743249,6.0916960413111685,0.029846020081126242
29040,246.42810082155347,6.084331487975075,0.029809937747853704
29050,246.13018167396217,6.0769758380126015,0.029773899036302617
29060,245.83262269559742,6.069629080660016,0.029737903893736505
29070,245.535423451033,6.062291205166608,0.02970195226748269
29080,245.23858350536884,6.054962200794654,0.02966604410493213
29090,244.94210242423048,6.047642056819414,0.02963017935353939
29100,244.64597977376908,6.040330762529118,0.02959435796082259
29110,244.3502151206599,6.033028307224943,0.029558579874363267
29120,244.05480803210222,6.0257346802209995,0.029522845041806342
29130,243.75975807581835,6.018449870844314,0.029487153410860008
29140,243.4650648200537,6.011173868434828,0.02945150492929573
29150,243.1707278335751,6.003906662345356,0.029415899544948065
29160,242.87674668567095,5.996648241941591,0.029380337205714636
29170,242.58312094615056,5.989398596602086,0.029344817859556102
29180,242.2898501853429,5.982157715718228,0.02930934145449598
29190,241.99693397409675,5.974925588694233,0.029273907938620662
29200,241.70437188377934,5.967702204947121,0.029238517260079262
29210,241.41216348627663,5.960487553906718,0.029203169367083632
29220,241.1203083539917,5.953281625015621,0.029167864207908196
29230,240.82880605984465,5.946084407729188,0.029132601730889912
29240,240.53765617727197,5.938895891515528,0.0290973818844282
29250,240.246858280226,5.931716065855487,0.029062204616984888
29260,239.95641194317386,5.924544920242621,0.029027069877084075
29270,239.6663167410972,5.91738244418319,0.0289919776133121
29280,239.37657224949166,5.910228627196143,0.028956927774317485
29290,239.08717804436594,5.903083458813098,0.028921920308810804
29300,238.7981337022413,5.895946928578328,0.028886955165564644
29310,238.50943880015097,5.888819026048746,0.02885203229341352
29320,238.2210929156397,5.881699740793894,0.028817151641253824
29330,237.9330956267628,5.874589062395922,0.028782313158043714
29340,237.64544651208564,5.867486980449571,0.028747516792803046
29350,237.35814515068319,5.860393484562164,0.028712762494613315
29360,237.07119112213937,5.853308564353593,0.028678050212617597
29370,236.78458400654623,5.846232209456292,0.028643379896020425
29380,236.49832338450338,5.83916440951523,0.02860875149408773
29390,236.21240883711778,5.8321051541879,0.028574164956146824
29400,235.9268399460026,5.825054433144294,0.02853962023158624
29410,235.64161629327668,5.818012236066892,0.028505117269855707
29420,235.35673746156428,5.8109785526506466,0.028470656020466063
29430,235.0722030339943,5.803953372602976,0.028436236432989207
29440,234.78801259419942,5.796936685643733,0.028401858457057984
29450,234.50416572631573,5.7899284815052035,0.028367522042366127
29460,234.22066201498205,5.78292874993208,0.028333227138668184
29470,233.93750104533964,5.775937480681467,0.02829897369577948
29480,233.65468240303093,5.768954663522837,0.028264761663575978
29490,233.37220567419934,5.761980288238036,0.02823059099199423
29500,233.09007044548892,5.755014344621269,0.028196461631031358
29510,232.8082763040432,5.748056822479074,0.028162373530744897
29520,232.5268228375048,5.74110771163031,0.028128326641252765
29530,232.24570963401484,5.734167001906146,0.02809432091273318
29540,231.9649362822127,5.727234683150051,0.028060356295424624
29550,231.68450237123471,5.720310745217766,0.02802643273962571
29560,231.40440749071394,5.7133951779772945,0.02799255019569512
29570,231.12465123077982,5.7064879713088965,0.02795870861405161
29580,230.8452331820571,5.69958911510506,0.02792490794517382
29590,230.5661529356654,5.692698599270495,0.027891148139600284
29600,230.2874100832187,5.6858164137221126,0.02785742914792931
29610,230.0090042168249,5.6789425483890215,0.027823750920818978
29620,229.73093492908478,5.672076993212499,0.027790113408986974
29630,229.4532018130917,5.665219738145985,0.027756516563210584
29640,229.17580446243088,5.658370773155061,0.027722960334326578
29650,228.89874247117916,5.651530088217451,0.02768944467323121
29660,228.62201543390384,5.644697673322985,0.02765596953088006
29670,228.34562294566234,5.637873518473594,0.027622534858287993
29680,228.06956460200192,5.631057613683305,0.027589140606529134
29690,227.7938399989586,5.624249948978212,0.027555786726736725
29700,227.51844873305672,5.617450514396467,0.027522473170103093
29710,227.24339040130846,5.610659299988262,0.027489199887879564
29720,226.9686646012134,5.6038762958158275,0.027455966831376424
29730,226.69427093075737,5.5971014919534,0.027422773951962798
29740,226.42020898841247,5.590334878487218,0.02738962120106661
29750,226.14647837313598,5.583576445515503,0.027356508530174493
29760,225.87307868437043,5.576826183148455,0.02732343589083177
29770,225.60000952204223,5.570084081508222,0.0272904032346423
29780,225.32727048656147,5.563350130728895,0.027257410513268458
29790,225.0548611788217,5.556624320956499,0.02722445767843109
29800,224.78278120019854,5.549906642348963,0.02719154468190937
29810,224.51103015254972,5.543197085076121,0.027158671475540786
29820,224.2396076382142,5.5364956393196865,0.027125838011221037
29830,223.96851326001192,5.529802295273248,0.027093044240904012
29840,223.6977466212428,5.523117043142245,0.027060290116601653
29850,223.42730732568634,5.516439873143961,0.027027575590383927
29860,223.15719497760105,5.509770775507501,0.026994900614378734
29870,222.88740918172405,5.503109740473792,0.026962265140771883
29880,222.61794954327019,5.496456758295552,0.02692966912180696
29890,222.3488156679314,5.489811819237282,0.026897112509785277
29900,222.08000716187678,5.483174913575261,0.026864595257065853
29910,221.81152363175107,5.476546031597513,0.02683211731606526
29920,221.54336468467488,5.469925163603812,0.026799678639257616
29930,221.2755299282435,5.463312299905651,0.02676727917917448
29940,221.00801897052696,5.456707430826245,0.02673491888840483
29950,220.7408314200689,5.450110546700501,0.02670259771959493
29960,220.47396688588614,5.443521637875011,0.026670315625448294
29970,220.2074249774685,5.436940694708043,0.026638072558725648
29980,219.94120530477755,5.430367707569515,0.02660586847224479
29990,219.6753074782466,5.423802666840991,0.026573703318880575
30000,219.40973110877977,5.417245562915658,0.02654157705156482
30010,219.1444758077518,5.410696386198327,0.026509489623286267
30020,218.87954118700716,5.404155127105401,0.026477440987090477
30030,218.61492685885946,5.397621776064871,0.02644543109607977
30040,218.35063243609102,5.391096323516297,0.026413459903413164
30050,218.0866575319526,5.3845787599108075,0.026381527362306336
30060,217.8230017601622,5.378069075711065,0.02634963342603149
30070,217.55966473490474,5.37156726139126,0.02631777804791731
30080,217.296646070832,5.365073307437114,0.026285961181348953
30090,217.0339453830612,5.358587204345835,0.026254182779767894
30100,216.77156228717507,5.352108942626129,0.026222442796671897
30110,216.50949639922092,5.345638512798168,0.02619074118561494
30120,216.24774733571059,5.339175905393596,0.026159077900207193
30130,215.98631471361915,5.332721110955495,0.026127452894114857
30140,215.72519815038487,5.326274120038381,0.026095866121060175
30150,215.4643972639085,5.31983492320819,0.02606431753482132
30160,215.20391167255292,5.313403511042269,0.026032807089232383
30170,214.94374099514212,5.306979874129349,0.026001334738183227
30180,214.68388485096094,5.300564003069536,0.02596990043561946
30190,214.42434285975474,5.294155888474314,0.025938504135542415
30200,214.16511464172834,5.2877555209665035,0.02590714579200898
30210,213.90619981754577,5.281362891180267,0.02587582535913161
30220,213.6475980083296,5.274977989761087,0.025844542791078225
30230,213.38930883566067,5.268600807365762,0.025813298042072184
30240,213.1313319215771,5.2622313346623795,0.025782091066392152
30250,212.87366688857392,5.255869562330308,0.025750921818372075
30260,212.6163133596028,5.249515481060192,0.025719790252401138
30270,212.359270958071,5.243169081553924,0.025688696322923626
30280,212.10253930784106,5.236830354524635,0.02565763998443892
30290,211.84611803323034,5.23049929069669,0.025626621191501393
30300,211.5900067590105,5.2241758808056655,0.0255956398987204
30310,211.3342051104066,5.217860115598338,0.025564696060760124
30320,211.07871271309688,5.211551985832669,0.025533789632339578
30330,210.82352919321204,5.205251482277792,0.025502920568232505
30340,210.56865417733505,5.198958595714009,0.025472088823267354
30350,210.31408729250003,5.192673316932759,0.025441294352327157
30360,210.05982816619192,5.186395636736613,0.02541053711034948
30370,209.80587642634646,5.18012554593927,0.025379817052326413
30380,209.55223170134877,5.173863035365528,0.025349134133304415
30390,209.29889362003343,5.1676080958512784,0.025318488308384308
30400,209.04586181168355,5.161360718243491,0.025287879532721186
30410,208.79313590603073,5.155120893400203,0.025257307761524378
30420,208.54071553325403,5.148888612190505,0.02522677295005735
30430,208.2886003239795,5.142663865494521,0.025196275053637644
30440,208.03678990927983,5.136446644203405,0.02516581402763682
30450,207.78528392067392,5.130236939219324,0.02513538982748043
30460,207.53408199012586,5.124034741455439,0.025105002408647863
30470,207.2831837500447,5.117840041835899,0.02507465172667235
30480,207.03258883328422,5.11165283129583,0.025044337737140904
30490,206.7822968731417,5.10547310078131,0.025014060395694197
30500,206.5323075033578,5.099300841249364,0.024983819658026544
30510,206.28262035811602,5.09313604366795,0.02495361547988581
30520,206.03323507204232,5.086978699015951,0.024923447817073396
30530,205.78415128020401,5.080828798283147,0.024893316625444094
30540,205.53536861810986,5.0746863324702165,0.02486322186090609
30550,205.286886721709,5.068551292588713,0.02483316347942085
30560,205.03870522739115,5.062423669661065,0.024803141437003122
30570,204.79082377198523,5.056303454720548,0.0247731556897208
30580,204.5432419927592,5.050190638811275,0.024743206193694876
30590,204.29595952741985,5.044085212988196,0.024713292905099434
30600,204.04897601411173,5.037987168317067,0.02468341578016151
30610,203.80229109141686,5.031896495874446,0.024653574775161058
30620,203.55590439835424,5.0258131867476825,0.02462376984643089
30630,203.30981557437937,5.019737232034898,0.024594000950356635
30640,203.06402425938353,5.013668622844979,0.02456426804337662
30650,202.8185300936932,5.007607350297554,0.024534571081981826
30660,202.57333271807008,5.001553405522997,0.02450491002271588
30670,202.32843177370987,4.995506779662399,0.02447528482217491
30680,202.08382690224207,4.989467463867561,0.024445695437007524
30690,201.8395177457294,4.98343544930098,0.024416141823914727
30700,201.59550394666763,4.977410727135843,0.024386623939649913
30710,201.35178514798437,4.971393288556005,0.024357141741018714
30720,201.108360993039,4.9653831247559745,0.024327695184879
30730,200.86523112562207,4.959380226940911,0.024298284228140787
30740,200.62239518995494,4.9533845863266075,0.024268908827766212
30750,200.3798528306889,4.947396194139473,0.02423956894076942
30760,200.13760369290472,4.941415041616521,0.02421026452421651
30770,199.89564742211263,4.935441120005367,0.024180995535225527
30780,199.65398366425117,4.929474420564205,0.02415176193096633
30790,199.41261206568686,4.92351493456179,0.024122563668660554
30800,199.17153227321384,4.9175626532774395,0.024093400705581556
30810,198.93074393405337,4.911617568001016,0.024064272999054368
30820,198.690246695853,4.905679670032906,0.024035180506455586
30830,198.45004020668645,4.899748950684018,0.02400612318521335
30840,198.2101241150526,4.89382540127576,0.023977100992807247
30850,197.97049806987573,4.88790901314004,0.023948113886768315
30860,197.73116172050413,4.881999777619238,0.023919161824678885
30870,197.49211471671018,4.876097686066201,0.023890244764172588
30880,197.25335670868975,4.8702027298442365,0.023861362662934288
30890,197.01488734706152,4.864314900327089,0.023832515478699988
30900,196.77670628286648,4.8584341888989275,0.023803703169256785
30910,196.53881316756758,4.852560586954344,0.023774925692442814
30920,196.30120765304923,4.846694085898332,0.023746183006147194
30930,196.06388939161647,4.840834677146274,0.023717475068309936
30940,195.82685803599492,4.834982352123935,0.02368880183692191
30950,195.59011323932972,4.8291371022674365,0.02366016327002475
30960,195.35365465518578,4.823298919023267,0.023631559325710864
30970,195.11748193754647,4.817467793848245,0.023602989962123278
30980,194.88159474081354,4.811643718209519,0.02357445513745563
30990,194.64599271980677,4.8058266835845584,0.02354595480995213
31000,194.410675529763,4.800016681461132,0.023517488937907432
31010,194.175642826336,4.7942137033373005,0.023489057479666627
31020,193.94089426559566,4.7884177407214,0.023460660393625148
31030,193.70642950402797,4.7826287851320375,0.02343229763822876
31040,193.47224819853398,4.776846828098071,0.023403969171973436
31050,193.2383500064295,4.771071861158597,0.023375674953405323
31060,193.0047345854449,4.76530387586295,0.023347414941120716
31070,192.77140159372405,4.759542863770669,0.02331918909376593
31080,192.53835068982423,4.753788816451506,0.023290997370037286
31090,192.30558153271537,4.748041725485397,0.023262839728681036
31100,192.07309378178002,4.742301582462469,0.02323471612849333
31110,191.84088709681217,4.736568378983003,0.023206626528320094
31120,191.6089611380173,4.730842106657444,0.023178570887057034
31130,191.37731556601148,4.725122757106373,0.023150549163649527
31140,191.14595004182144,4.719410321960511,0.023122561317092616
31150,190.91486422688337,4.713704792860685,0.023094607306430884
31160,190.6840577830428,4.708006161457833,0.02306668709075843
31170,190.45353037255438,4.7023144194129936,0.023038800629218845
31180,190.22328165808074,4.696629558397277,0.023010947881005064
31190,189.99331130269246,4.6909515700918645,0.022983128805359382
31200,189.7636189698673,4.685280446187994,0.022955343361573347
31210,189.5342043234903,4.679616178386956,0.022927591508987762
31220,189.30506702785232,4.673958758400064,0.022899873206992546
31230,189.0762067476504,4.668308177948658,0.02287218841502673
31240,188.8476231479867,4.6626644287640815,0.022844537092578367
31250,188.61931589436858,4.65702750258768,0.022816919199184514
31260,188.39128465270758,4.651397391170782,0.022789334694431125
31270,188.163529089319,4.645774086274681,0.022761783537953006
31280,187.93604887092195,4.640157579670644,0.022734265689433795
31290,187.70884366463812,4.6345478631398755,0.02270678110860584
31300,187.48191313799165,4.628944928473517,0.02267932975525017
31310,187.25525695890872,4.6233487674726375,0.02265191158919645
31320,187.0288747957171,4.61775937194822,0.022624526570322916
31330,186.80276631714528,4.612176733721142,0.022597174658556294
31340,186.57693119232232,4.606600844622171,0.02256985581387175
31350,186.35136909077747,4.601031696491954,0.02254256999629287
31360,186.12607968243924,4.595469281180998,0.022515317165891533
31370,185.90106263763536,4.589913590549666,0.022488097282787913
31380,185.67631762709192,4.584364616468155,0.02246091030715037
31390,185.4518443219334,4.5788223508165,0.02243375619919547
31400,185.22764239368158,4.573286785484545,0.022406634919187814
31410,185.00371151425549,4.567757912371942,0.022379546427440083
31420,184.78005135597067,4.562235723388133,0.022352490684312908
31430,184.5566615915391,4.556720210452347,0.02232546765021488
31440,184.33354189406813,4.551211365493578,0.022298477285602424
31450,184.11069193706038,4.545709180450574,0.022271519550979765
31460,183.88811139441336,4.5402136472718375,0.022244594406898913
31470,183.66579994041865,4.5347247579155985,0.022217701813959538
31480,183.4437572497616,4.529242504349811,0.02219084173280895
31490,183.22198299752083,4.523766878552135,0.022164014124142022
31500,183.00047685916797,4.5182978725099385,0.022137218948701187
31510,182.77923851056678,4.512835478220269,0.02211045616727629
31520,182.55826762797298,4.507379687689851,0.022083725740704607
31530,182.33756388803354,4.50193049293507,0.022057027629870742
31540,182.11712696778665,4.496487885981971,0.022030361795706613
31550,181.89695654466064,4.49105185886623,0.022003728199191344
31560,181.67705229647387,4.4856224036331565,0.02197712680135124
31570,181.45741390143442,4.480199512337676,0.021950557563259736
31580,181.2380410381392,4.47478317704432,0.021924020446037317
31590,181.01893338557358,4.46937338982721,0.021897515410851463
31600,180.80009062311126,4.463970142770052,0.02187104241891661
31610,180.58151243051353,4.458573427966126,0.021844601431494096
31620,180.36319848792868,4.453183237518265,0.02181819240989207
31630,180.1451484758918,4.447799563538851,0.02179181531546547
31640,179.92736207532408,4.442422398149802,0.021765470109615936
31650,179.7098389675327,4.437051733482562,0.021739156753791813
31660,179.49257883420992,4.431687561678086,0.021712875209488013
31670,179.2755813574327,4.426329874886827,0.021686625438246
31680,179.05884621966277,4.420978665268736,0.021660407401653765
31690,178.84237310374542,4.4156339249932355,0.021634221061345712
31700,178.62616169290936,4.410295646239215,0.021608066379002623
31710,178.41021167076636,4.404963821195021,0.021581943316351614
31720,178.19452272131076,4.399638442058445,0.021555851835166083
31730,177.9790945289188,4.394319501036711,0.02152979189726563
31740,177.76392677834824,4.3890069903464575,0.021503763464515994
31750,177.54901915473823,4.383700902213745,0.021477766498829064
31760,177.3343713436083,4.37840122887402,0.02145180096216273
31770,177.1199830308583,4.373107962572126,0.021425866816520905
31780,176.90585390276763,4.367821095562271,0.0213999640239534
31790,176.6919836459953,4.362540620108039,0.02137409254655595
31800,176.47837194757884,4.357266528482359,0.02134825234647009
31810,176.26501849493428,4.351998812967506,0.021322443385883124
31820,176.05192297585538,4.34673746585508,0.021296665627028064
31830,175.83908507851365,4.341482479446007,0.02127091903218361
31840,175.6265044914573,4.336233846050518,0.021245203563674032
31850,175.4141809036111,4.330991557988136,0.02121951918386915
31860,175.20211400427615,4.325755607587676,0.021193865855184315
31870,174.99030348312888,4.320525987187226,0.021168243540080272
31880,174.77874903022098,4.315302689134132,0.021142652201063167
31890,174.5674503359788,4.310085705784994,0.021117091800684464
31900,174.35640709120312,4.304875029505657,0.021091562301540925
31910,174.14561898706845,4.29967065267119,0.021066063666274514
31920,173.93508571512248,4.294472567665881,0.02104059585757235
31930,173.72480696728596,4.289280766883225,0.021015158838166667
31940,173.5147824358522,4.284095242725917,0.020989752570834776
31950,173.30501181348632,4.278915987605832,0.020964377018398962
31960,173.095494793225,4.273742993944019,0.020939032143726454
31970,172.88623106847618,4.268576254170692,0.020913717909729405
31980,172.67722033301834,4.2634157607252146,0.02088843427936477
31990,172.46846228100014,4.258261506056091,0.020863181215634297
32000,172.25995660694002,4.253113482620956,0.020837958681584466
32010,172.05170300572584,4.247971682886561,0.020812766640306447
32020,171.84370117261423,4.242836099328767,0.020787605054936008
32030,171.63595080323023,4.23770672443253,0.02076247388865349
32040,171.4284515935668,4.232583550691888,0.020737373104683748
32050,171.2212032399846,4.22746657060996,0.020712302666296107
32060,171.01420543921125,4.222355776698925,0.020687262536804283
32070,170.80745788834096,4.217251161480011,0.02066225267956634
32080,170.60096028483437,4.2121527174834945,0.020637273057984667
32090,170.39471232651763,4.2070604372486775,0.020612323635505872
32100,170.1887137115823,4.201974313323882,0.020587404375620764
32110,169.98296413858475,4.19689433826644,0.02056251524186428
32120,169.77746330644598,4.191820504642683,0.020537656197815463
32130,169.57221091445072,4.186752805027925,0.020512827207097364
32140,169.36720666224736,4.181691232006457,0.02048802823337702
32150,169.16245024984747,4.1766357781715415,0.020463259240365406
32160,168.9579413776252,4.171586436125387,0.020438520191817352
32170,168.75367974631695,4.16654319847915,0.02041381105153151
32180,168.54966505702086,4.161506057852917,0.020389131783350285
32190,168.34589701119663,4.156475006875702,0.020364482351159837
32200,168.14237531066465,4.151450038185424,0.02033986271888994
32210,167.93909965760588,4.146431144428905,0.020315272850513995
32220,167.7360697545613,4.141418318261856,0.02029071271004895
32230,167.53328530443164,4.136411552348868,0.02026618226155527
32240,167.33074601047664,4.1314108393634,0.02024168146913686
32250,167.1284515763148,4.126416171987765,0.020217210296941002
32260,166.92640170592307,4.121427542913129,0.020192768709158364
32270,166.72459610363617,4.116444944839491,0.020168356670022872
32280,166.52303447414627,4.111468370475672,0.020143974143811704
32290,166.32171652250247,4.106497812539311,0.02011962109484521
32300,166.12064195411065,4.101533263756852,0.020095297487486903
32310,165.9198104747327,4.096574716863531,0.02007100328614336
32320,165.71922179048627,4.091622164603365,0.02004673845526419
32330,165.51887560784422,4.086675599729145,0.020022502959341975
32340,165.31877163363444,4.081735015002425,0.019998296762912246
32350,165.11890957503908,4.0768004031935074,0.019974119830553385
32360,164.91928913959435,4.071871757081434,0.019949972126886602
32370,164.71991003519017,4.066949069453982,0.0199258536165759
32380,164.52077197006935,4.062032333107642,0.019901764264327965
32390,164.3218746528276,4.057121540847614,0.01987770403489218
32400,164.12321779241282,4.052216685487799,0.01985367289306052
32410,163.9248010981249,4.047317759850782,0.019829670803667557
32420,163.7266242796151,4.04242475676783,0.019805697731590348
32430,163.52868704688566,4.037537669078872,0.01978175364174842
32440,163.33098911028944,4.032656489632494,0.01975783849910371
32450,163.1335301805296,4.027781211285932,0.019733952268660527
32460,162.9363099686588,4.022911826905052,0.01971009491546547
32470,162.7393281860791,4.018048329364342,0.019686266404607394
32480,162.5425845445417,4.013190711546918,0.019662466701217386
32490,162.346078756146,4.008338966344486,0.019638695770468662
32500,162.14981053333952,4.003493086657351,0.019614953577576547
32510,161.9537795889174,3.9986530653944,0.019591240087798414
32520,161.75798563602217,3.9938188954730967,0.019567555266433664
32530,161.5624283881429,3.9889905698194603,0.019543899078823618
32540,161.3671075591152,3.9841680813680673,0.019520271490351508
32550,161.17202286312065,3.979351423062036,0.01949667246644243
32560,160.97717401468628,3.974540587853013,0.019473101972563262
32570,160.78256072868433,3.9697355687011697,0.01944955997422264
32580,160.5881827203315,3.964936358575181,0.019426046436970875
32590,160.39403970518927,3.9601429504522345,0.019402561326399975
32600,160.20013139916253,3.9553553373179975,0.019379104608143502
32610,160.00645751849981,3.9505735121666206,0.01935567624787658
32620,159.8130177797926,3.9457974680007233,0.01933227621131582
32630,159.61981189997525,3.9410271978313896,0.01930890446421931
32640,159.42683959632404,3.936262694678146,0.0192855609723865
32650,159.23410058645715,3.9315039515689603,0.0192622457016582
32660,159.04159458833422,3.926750961540231,0.01923895861791653
32670,158.84932132025583,3.922003717636776,0.01921569968708484
32680,158.65728050086298,3.9172622129118153,0.019192468875127672
32690,158.46547184913697,3.9125264404269733,0.01916926614805073
32700,158.27389508439887,3.907796393252262,0.019146091471900814
32710,158.08254992630893,3.903072064466069,0.019122944812765764
32720,157.89143609486646,3.898353447155152,0.019099826136774425
32730,157.70055331040905,3.8936405344146214,0.019076735410096576
32740,157.50990129361276,3.888933319347945,0.019053672598942924
32750,157.31947976549097,3.884231795066919,0.019030637669564997
32760,157.12928844739452,3.8795359546916703,0.01900763058825513
32770,156.93932706101117,3.8748457913506456,0.018984651321346427
32780,156.74959532836505,3.8701612981805957,0.018961699835212672
32790,156.56009297181635,3.86548246832657,0.018938776096268307
32800,156.37081971406084,3.8608092949419026,0.018915880070968373
32810,156.18177527812983,3.856141771188212,0.01889301172580849
32820,155.99295938738913,3.8514798902353755,0.01887017102732475
32830,155.80437176553912,3.846823645261531,0.018847357942093714
32840,155.61601213661433,3.8421730294530674,0.018824572436732363
32850,155.42788022498277,3.8375280360046062,0.018801814477898023
32860,155.23997575534565,3.8328886581189963,0.018779084032288326
32870,155.0522984527371,3.8282548890073054,0.018756381066641167
32880,154.8648480425237,3.823626721888812,0.01873370554773467
32890,154.6776242504039,3.819004149990985,0.018711057442387102
32900,154.49062680240792,3.8143871665494866,0.018688436717456854
32910,154.30385542489702,3.809775764808153,0.01866584333984237
32920,154.11730984456355,3.805169938018994,0.01864327727648215
32930,153.93098978843,3.8005696794421704,0.01862073849435462
32940,153.7448949838489,3.7959749823459927,0.01859822696047814
32950,153.5590251585027,3.7913858400069165,0.018575742641910968
32960,153.3733800404027,3.7868022457095174,0.018553285505751155
32970,153.1879593578892,3.782224192746493,0.018530855519136545
32980,153.0027628396309,3.777651674418648,0.018508452649244698
32990,152.81779021462452,3.773084684034891,0.018486076863292875
33000,152.63304121219443,3.768523214912214,0.018463728128537957
33010,152.44851556199214,3.7639672603756904,0.018441406412276404
33020,152.2642129939961,3.7594168137584636,0.01841911168184422
33030,152.08013323851122,3.754871868401739,0.018396843904616905
33040,151.8962760261684,3.7503324176547697,0.018374603048009395
33050,151.71264108792408,3.7457984548748455,0.018352389079476002
33060,151.52922815506028,3.7412699734272965,0.01833020196651042
33070,151.34603695918358,3.736746966685466,0.018308041676645615
33080,151.16306723222516,3.7322294280307107,0.01828590817745381
33090,150.98031870644027,3.727717350852389,0.01826380143654643
33100,150.79779111440783,3.7232107285478517,0.01824172142157406
33110,150.61548418902993,3.718709554522427,0.018219668100226374
33120,150.43339766353205,3.714213822189429,0.018197641440232164
33130,150.2515312714616,3.70972352497012,0.018175641409359174
33140,150.06988474668844,3.705238656293723,0.018153667975414144
33150,149.8884578234041,3.700759209597404,0.01813172110624273
33160,149.70725023612144,3.6962851783262614,0.018109800769729456
33170,149.5262617196743,3.6918165559333196,0.018087906933797682
33180,149.34549200921694,3.6873533358795147,0.018066039566409522
33190,149.1649408402242,3.6828955116336966,0.01804419863556587
33200,148.98460794849038,3.6784430766726035,0.018022384109306268
33210,148.80449307012924,3.6739960244808607,0.018000595955708902
33220,148.62459594157366,3.669554348550973,0.017978834142890553
33230,148.44491629957503,3.665118042383309,0.017957098639006543
33240,148.26545388120311,3.6606870994860983,0.017935389412250705
33250,148.0862084238454,3.6562615133754144,0.017913706430855297
33260,147.90717966520717,3.6518412775751785,0.017892049663091034
33270,147.72836734331048,3.647426385617131,0.017870419077266938
33280,147.54977119649425,3.6430168310408373,0.017848814641730368
33290,147.37139096341366,3.638612607393671,0.017827236324866942
33300,147.19322638303996,3.634213708230809,0.017805684095100506
33310,147.01527719465983,3.629820127115217,0.01778415792089307
33320,146.83754313787526,3.6254318576176447,0.017762657770744778
33330,146.66002395260284,3.62104889331661,0.01774118361319384
33340,146.48271937907404,3.6166712277984048,0.01771973541681655
33350,146.30562915783392,3.6122988546570642,0.01769831315022714
33360,146.12875302974143,3.6079317674943727,0.017676916782077806
33370,145.95209073596865,3.6035699599198465,0.017655546281058636
33380,145.77564201800075,3.599213425550731,0.017634201615897578
33390,145.59940661763534,3.594862158011987,0.017612882755360378
33400,145.42338427698203,3.590516150936278,0.017591589668250536
33410,145.24757473846265,3.586175397963976,0.017570322323409306
33420,145.07197774481006,3.581839892743133,0.01754908068971557
33430,144.89659303906816,3.577509628929481,0.017527864736085846
33440,144.72142036459167,3.573184600186424,0.017506674431474235
33450,144.54645946504536,3.5688648001850236,0.017485509744872358
33460,144.37171008440413,3.564550222603997,0.017464370645309344
33470,144.19717196695206,3.5602408611296963,0.01744325710185173
33480,144.02284485728296,3.55593670945612,0.017422169083603507
33490,143.84872850029888,3.5516377612848764,0.017401106559705972
33500,143.67482264121045,3.547344010325195,0.017380069499337736
33510,143.50112702553633,3.5430554502939082,0.017359057871714673
33520,143.32764139910287,3.538772074915446,0.017338071646089886
33530,143.1543655080436,3.534493877921824,0.01731711079175363
33540,142.98129909879898,3.5302208530526333,0.01729617527803329
33550,142.80844191811627,3.525952994055043,0.017275265074293368
33560,142.63579371304854,3.5216902946837703,0.017254380149935352
33570,142.46335423095488,3.517432748701089,0.017233520474397752
33580,142.29112321949964,3.51318034987681,0.01721268601715601
33590,142.11910042665244,3.5089330919882804,0.017191876747722486
33600,141.9472856006874,3.5046909688203667,0.017171092635646385
33610,141.77567849018305,3.5004539741654512,0.01715033365051373
33620,141.60427884402182,3.4962221018234176,0.0171295997619473
33630,141.43308641138995,3.491995345601653,0.01710889093960664
33640,141.26210094177665,3.4877736993150235,0.017088207153187936
33650,141.09132218497405,3.483557156785875,0.017067548372424017
33660,140.92074989107678,3.4793457118440227,0.01704691456708431
33670,140.75038381048162,3.4751393583267403,0.017026305706974783
33680,140.58022369388706,3.4709380900787514,0.017005721761937913
33690,140.41026929229292,3.46674190095222,0.01698516270185262
33700,140.24052035700038,3.46255078480675,0.01696462849663428
33710,140.0709766396109,3.4583647355093605,0.0169441191162346
33720,139.90163789202637,3.4541837469344863,0.01692363453064162
33730,139.73250386644867,3.4500078129639706,0.016903174709879676
33740,139.56357431537916,3.44583692748705,0.01688273962400933
33750,139.39484899161857,3.4416710844003533,0.016862329243127354
33760,139.22632764826616,3.4375102776078785,0.01684194353736664
33770,139.05801003872017,3.4333545010210074,0.01682158247689624
33780,138.8898959166766,3.4292037485584723,0.01680124603192123
33790,138.72198503612933,3.4250580141463596,0.016780934172682716
33800,138.55427715136963,3.4209172917181006,0.016760646869457784
33810,138.3867720169858,3.4167815752144572,0.016740384092559447
33820,138.21946938786286,3.412650858583521,0.016720145812336617
33830,138.0523690191821,3.408525135780695,0.016699931999174033
33840,137.88547066642104,3.404404400768698,0.016679742623492283
33850,137.7187740853525,3.4002886475175393,0.01665957765574767
33860,137.5522790320447,3.396177870004523,0.016639437066432228
33870,137.38598526286071,3.39207206221423,0.016619320826073664
33880,137.21989253445818,3.3879712181385173,0.016599228905235318
33890,137.05400060378898,3.3838753317765047,0.01657916127451612
33900,136.88830922809873,3.379784397134566,0.016559117904550537
33910,136.72281816492648,3.3756984082263184,0.016539098766008526
33920,136.5575271721047,3.371617359072624,0.01651910382959555
33930,136.39243600775836,3.3675412437015684,0.016499133066052437
33940,136.22754443030487,3.3634700561484547,0.01647918644615541
33950,136.06285219845375,3.3594037904558003,0.016459263940716017
33960,135.89835907120627,3.355342440673325,0.016439365520581097
33970,135.7340648078549,3.35128600085794,0.016419491156632725
33980,135.56996916798317,3.34723446507374,0.016399640819788175
33990,135.40607191146552,3.3431878273920037,0.016379814480999916
34000,135.2423727984664,3.3391460818911716,0.0163600121112555
34010,135.0788715894402,3.335109222656841,0.016340233681577554
34020,134.91556804513112,3.3310772437817646,0.01632047916302375
34030,134.7524619265724,3.3270501393658325,0.016300748526686743
34040,134.58955299508628,3.3230279035160697,0.016281041743694134
34050,134.4268410122834,3.319010530346622,0.016261358785208423
34060,134.26432574006301,3.3149980139787614,0.01624169962242701
34070,134.1020069406118,3.3109903485408556,0.016222064226582074
34080,133.93988437640408,3.3069875281683747,0.016202452568940585
34090,133.77795781020134,3.3029895470038793,0.016182864620804253
34100,133.61622700505185,3.2989963991970095,0.01616330035350948
34110,133.45469172429048,3.2950080789044836,0.01614375973842733
34120,133.29335173153785,3.2910245802900726,0.01612424274696345
34130,133.1322067907009,3.2870458975246195,0.016104749350558105
34140,132.9712566659716,3.283072024786002,0.016085279520686047
34150,132.8105011218271,3.2791029562591407,0.016065833228856526
34160,132.64993992302925,3.275138686135986,0.016046410446613237
34170,132.4895728346243,3.2711792086155076,0.01602701114553427
34180,132.32939962194266,3.267224517903693,0.016007635297232085
34190,132.16942005059832,3.2632746082135315,0.01598828287335346
34200,132.0096338864885,3.259329473765005,0.015968953845579427
34210,131.8500408957939,3.255389108785094,0.01594964818562531
34220,131.69064084497745,3.2514535075077475,0.015930365865240576
34230,131.5314335007846,3.2475226641738906,0.015911106856208862
34240,131.37241863024275,3.2435965730314087,0.015891871130347922
34250,131.21359600066094,3.2396752283351424,0.015872658659509573
34260,131.05496537962955,3.235758624346877,0.015853469415579663
34270,130.89652653501986,3.2318467553353347,0.015834303370478024
34280,130.738279234984,3.22793961557617,0.015815160496158463
34290,130.58022324795414,3.224037199351954,0.015796040764608662
34300,130.42235834264255,3.2201395009521723,0.01577694414785018
34310,130.26468428804102,3.216246514673211,0.015757870617938402
34320,130.1072008534207,3.2123582348183546,0.015738820146962488
34330,129.9499078083316,3.2084746556977737,0.015719792707045353
34340,129.7928049226023,3.2045957716285143,0.01570078827034359
34350,129.63589196633995,3.2007215769345025,0.015681806809047506
34360,129.47916870992933,3.1968520659465183,0.015662848295380977
34370,129.32263492403277,3.192987233002194,0.01564391270160147
34380,129.16629037959007,3.1891270724460132,0.015625000000000007
34390,129.0101348478178,3.1852715786292936,0.015606110162901091
34400,128.8541681002092,3.181420745910182,0.015587243162662695
34410,128.69838990853373,3.1775745686536476,0.015568398971676207
34420,128.54280004483667,3.1737330412314675,0.015549577562366378
34430,128.3873982814392,3.169896158022232,0.015530778907191334
34440,128.23218439093748,3.1660639134113198,0.015512002978642468
34450,128.07715814620258,3.1622363017908977,0.015493249749244424
34460,127.92231932038025,3.1584133175599147,0.015474519191555076
34470,127.76766768689049,3.1545949551240904,0.015455811278165475
34480,127.61320301942723,3.1507812088959084,0.015437125981699804
34490,127.45892509195781,3.146972073294602,0.015418463274815327
34500,127.30483367872326,3.1431675427461623,0.015399823130202408
34510,127.15092855423715,3.13936761168331,0.015381205520584385
34520,126.99720949328578,3.135572274545498,0.015362610418717584
34530,126.8436762709277,3.1317815257789037,0.015344037797391269
34540,126.69032866249344,3.127995359836417,0.0153254876294276
34550,126.53716644358512,3.1242137711776348,0.015306959887681597
34560,126.38418939007606,3.12043675426885,0.015288454545041076
34570,126.2313972781108,3.116664303583051,0.015269971574426677
34580,126.07878988410428,3.112896413599903,0.015251510948791734
34590,125.92636698474179,3.1091330788057463,0.015233072641122294
34600,125.7741283569786,3.105374293693587,0.015214656624437065
34610,125.62207377803962,3.101620052763089,0.015196262871787365
34620,125.47020302541914,3.097870350520566,0.015177891356257103
34630,125.3185158768803,3.0941251814789705,0.015159542050962708
34640,125.1670121104552,3.090384540157896,0.01514121492905315
34650,125.01569150444404,3.086648421083554,0.015122909963709824
34660,124.8645538374151,3.082916818788777,0.015104627128146558
34670,124.7135988882044,3.0791897278130063,0.015086366395609565
34680,124.56282643591527,3.075467142702284,0.015068127739377397
34690,124.41223625991816,3.0717490580092464,0.01504991113276092
34700,124.26182813985022,3.068035468293116,0.015031716549103255
34710,124.11160185561491,3.0643263681196893,0.015013543961779747
34720,123.96155718738207,3.0606217520613406,0.01499539334419796
34730,123.81169391558704,3.0569216146969995,0.014977264669797572
34740,123.66201182093066,3.05322595061215,0.014959157912050386
34750,123.51251068437888,3.0495347543988225,0.014941073044460268
34760,123.3631902871625,3.0458480206555856,0.014923010040563126
34770,123.21405041077678,3.0421657439875385,0.014904968873926857
34780,123.06509083698101,3.038487919006299,0.0148869495181513
34790,122.9163113477987,3.0348145403300077,0.01486895194686825
34800,122.76771172551649,3.0311456025833037,0.014850976133741343
34810,122.6192917526844,3.0274811003973268,0.014833022052466064
34820,122.47105121211528,3.023821028409708,0.0148150896767697
34830,122.32298988688459,3.0201653812645604,0.0147971789804113
34840,122.17510756032999,3.0165141536124724,0.014779289937181639
34850,122.02740401605104,3.012867340110498,0.014761422520903162
34860,121.87987903790918,3.009224935422157,0.014743576705430004
34870,121.73253241002683,3.0055869342174137,0.014725752464647864
34880,121.58536391678754,3.0019533311726776,0.01470794977247403
34890,121.43837334283552,2.9983241209707963,0.014690168602857323
34900,121.29156047307532,2.994699298301044,0.014672408929778056
34910,121.1449250926715,2.9910788578591148,0.014654670727247996
34920,120.9984669870483,2.9874627943471146,0.014636953969310322
34930,120.85218594188966,2.98385110247356,0.01461925863003963
34940,120.70608174313831,2.980243776953359,0.014601584683541816
34950,120.56015417699584,2.9766408125078105,0.014583932103954096
34960,120.41440302992233,2.973042203864594,0.014566300865444956
34970,120.26882808863604,2.969447945757765,0.014548690942214105
34980,120.12342914011305,2.9658580329277444,0.01453110230849245
34990,119.97820597158697,2.9622724601213117,0.014513534938542043
35000,119.83315837054859,2.9586912220915944,0.014495988806656049
35010,119.68828612474582,2.955114313598071,0.014478463887158741
35020,119.54358902218296,2.9515417294065487,0.0144609601544054
35030,119.39906685112065,2.947973464289164,0.014443477582782322
35040,119.25471940007553,2.944409513024374,0.014426016146706765
35050,119.1105464578199,2.9408498703969483,0.014408575820626917
35060,118.96654781338144,2.9372945311979617,0.014391156579021862
35070,118.82272325604276,2.933743490224784,0.014373758396401516
35080,118.67907257534158,2.9301967422810815,0.014356381247306656
35090,118.53559556106968,2.9266542821767967,0.014339025106308799
35100,118.3922920032731,2.923116104728146,0.01432168994801021
35110,118.24916169225173,2.9195822047576163,0.01430437574704387
35120,118.10620441855895,2.9160525770939514,0.014287082478073417
35130,117.96341997300134,2.9125272165721485,0.014269810115793126
35140,117.82080814663829,2.9090061180334446,0.014252558634927847
35150,117.67836873078213,2.905489276325323,0.01423532801023303
35160,117.53610151699715,2.901976686301488,0.014218118216494604
35170,117.3940062970997,2.8984683428218663,0.01420092922852899
35180,117.25208286315785,2.8949642407526013,0.014183761021183062
35190,117.11033100749107,2.8914643749660414,0.014166613569334097
35200,116.96875052266986,2.8879687403407344,0.014149486847889746
35210,116.8273412015154,2.884477331761417,0.01413238083178798
35220,116.68610283709965,2.8809901441190178,0.014115295495997113
35230,116.54503522274445,2.8775071723106342,0.014098230815515677
35240,116.40413815202159,2.8740284112395367,0.014081186765372447
35250,116.26341141875238,2.870553855815155,0.01406416332062638
35260,116.12285481700746,2.867083500953074,0.014047160456366595
35270,115.9824681411064,2.8636173415750266,0.014030178147712317
35280,115.8422511856174,2.860155372608884,0.01401321636981286
35290,115.70220374535695,2.856697588988647,0.013996275097847559
35300,115.5623256153899,2.853243985654448,0.013979354307025803
35310,115.42261659102853,2.8497945575525296,0.013962453972586908
35320,115.28307646783269,2.8463492996352473,0.01394557406980014
35330,115.1437050416094,2.842908206861057,0.01392871457396466
35340,115.0045021084125,2.8394712741945116,0.013911875460409494
35350,114.86546746454243,2.8360384966062506,0.013895056704493492
35360,114.72660090654578,2.8326098690729906,0.013878258281605283
35370,114.58790223121544,2.8291853865775307,0.013861480167163289
35380,114.44937123558958,2.8257650441087256,0.013844722336615605
35390,114.3110077169519,2.822348836661492,0.013827984765440029
35400,114.17281147283121,2.8189367592367978,0.013811267429144002
35410,114.034782301001,2.8155288068416535,0.013794570303264572
35420,113.89691999947934,2.812124974489107,0.013777893363368368
35430,113.7592243665283,2.8087252571982315,0.01376123658505154
35440,113.62169520065422,2.8053296499941305,0.01374459994393978
35450,113.48433230060668,2.8019381479079133,0.01372798341568821
35460,113.34713546537867,2.7985507459766996,0.013711386975981397
35470,113.21010449420622,2.7951674392436088,0.013694810600533304
35480,113.07323918656803,2.7917882227577526,0.013678254265087252
35490,112.93653934218526,2.7884130915742285,0.01366171794541589
35500,112.80000476102116,2.7850420407541123,0.013645201617321155
35510,112.66363524328072,2.781675065364447,0.013628705256634227
35520,112.52743058941084,2.778312160478249,0.013612228839215543
35530,112.39139060009926,2.7749533211744812,0.013595772340954684
35540,112.25551507627485,2.7715985425380603,0.013579335737770391
35550,112.11980381910715,2.768247819659844,0.013562919005610524
35560,111.984256630006,2.7649011476366248,0.013546522120452011
35570,111.84887331062144,2.7615585215711236,0.013530145058300832
35580,111.7136536628431,2.7582199365719786,0.013513787795191955
35590,111.57859748880051,2.7548853877537502,0.013497450307189365
35600,111.44370459086203,2.751554870236896,0.013481132570385941
35610,111.30897477163509,2.748228379147776,0.01346483456090348
35620,111.17440783396574,2.744905909618642,0.013448556254892644
35630,111.04000358093843,2.7415874567876313,0.013432297628532932
35640,110.90576181587558,2.7382730157987574,0.013416058658032635
35650,110.77168234233739,2.7349625818019048,0.013399839319628801
35660,110.63776496412173,2.731656149952825,0.013383639589587238
35670,110.50400948526347,2.7283537154131223,0.013367459444202413
35680,110.37041571003444,2.72505527335025,0.013351298859797463
35690,110.23698344294311,2.7217608189375064,0.013335157812724152
35700,110.10371248873429,2.7184703473540224,0.013319036279362829
35710,109.97060265238882,2.7151838537847586,0.0133029342361224
35720,109.83765373912324,2.711901333420494,0.01328685165944028
35730,109.70486555438987,2.7086227814578288,0.013270788525782408
35740,109.57223790387589,2.705348193099163,0.013254744811643132
35750,109.43977059350357,2.7020775635527006,0.013238720493545237
35760,109.30746342942972,2.698810888032435,0.013222715548039884
35770,109.17531621804555,2.6955481617581496,0.013206729951706587
35780,109.04332876597634,2.6922893799554046,0.013190763681153173
35790,108.91150088008114,2.689034537855533,0.013174816713015748
35800,108.77983236745236,2.6857836306956298,0.013158889023958653
35810,108.648323035416,2.682536653718557,0.013142980590674477
35820,108.51697269153058,2.6792936021729172,0.013127091389883945
35830,108.38578114358752,2.676054471313064,0.013111221398335947
35840,108.2547481996105,2.6728192563990847,0.013095370592807475
35850,108.12387366785532,2.6695879526967987,0.0130795389501036
35860,107.9931573568096,2.666360555477748,0.013063726447057432
35870,107.86259907519238,2.663137060019189,0.01304793306053008
35880,107.73219863195425,2.659917461604095,0.01303215876741066
35890,107.60195583627645,2.656701755521134,0.01301640354461619
35900,107.47187049757105,2.653489937064674,0.013000667369091612
35910,107.34194242548051,2.6502820015347694,0.012984950217809736
35920,107.2121714298774,2.6470779442371577,0.012969252067771211
35930,107.08255732086421,2.6438777604832526,0.012953572896004495
35940,106.95309990877283,2.640681445590132,0.012937912679565799
35950,106.82379900416478,2.637488994880543,0.012922271395539111
35960,106.69465441783032,2.634300403682881,0.01290664902103609
35970,106.56566596078855,2.6311156673311897,0.012891045533196076
35980,106.436833444287,2.6279347811651554,0.012875460909186042
35990,106.30815667980143,2.624757740530097,0.012859895126200572
36000,106.17963547903553,2.6215845407769627,0.012844348161461816
36010,106.05126965392047,2.618415177262316,0.012828819992219452
36020,105.92305901661517,2.615249645348345,0.012813310595750697
36030,105.79500337950523,2.6120879404028323,0.012797819949360198
36040,105.66710255520329,2.6089300577991685,0.01278234803038006
36050,105.53935635654842,2.605775992916334,0.012766894816169787
36060,105.41176459660606,2.602625741138897,0.012751460284116256
36070,105.28432708866757,2.599479297857006,0.012736044411633682
36080,105.15704364625005,2.5963366584663805,0.012720647176163582
36090,105.02991408309595,2.593197818368306,0.012705268555174738
36100,104.90293821317321,2.590062772969635,0.012689908526163205
36110,104.77611585067439,2.586931517682764,0.012674567066652207
36120,104.64944681001671,2.5838040479256392,0.012659244154192154
36130,104.5229309058418,2.5806803591217458,0.012643939766360596
36140,104.39656795301542,2.5775604467001028,0.012628653880762194
36150,104.27035776662704,2.5744443060952533,0.012613386475028679
36160,104.14430016198969,2.5713319327472592,0.012598137526818815
36170,104.01839495463992,2.5682233221017023,0.01258290701381841
36180,103.89264196033695,2.5651184696096614,0.012567694913740213
36190,103.76704099506293,2.5620173707277196,0.012552501204323932
36200,103.6415918750224,2.5589200209179506,0.01253732586333618
36210,103.51629441664215,2.5558264156479162,0.012522168868570457
36220,103.39114843657089,2.552736550390656,0.012507030197847104
36230,103.26615375167884,2.5496504206246806,0.012491909829013265
36240,103.14131017905801,2.546568021833975,0.012476807739942905
36250,103.01661753602114,2.543489349507975,0.012461723908536696
36260,102.89207564010201,2.5404143991415733,0.012446658312722047
36270,102.76768430905491,2.537343166235108,0.012431610930453044
36280,102.64344336085455,2.534275646294357,0.01241658173971043
36290,102.51935261369562,2.5312118348305335,0.012401570718501566
36300,102.39541188599256,2.5281517273602723,0.012386577844860393
36310,102.27162099637958,2.525095319405637,0.012371603096847436
36320,102.14797976370993,2.522042606494098,0.012356646452549717
36330,102.02448800705587,2.5189935841585336,0.012341707890080754
36340,101.90114554570843,2.515948247937223,0.012326787387580529
36350,101.77795219917716,2.512906593373842,0.01231188492321545
36360,101.65490778718973,2.5098686160174504,0.012297000475178323
36370,101.5320121296918,2.5068343114224905,0.012282134021688313
36380,101.40926504684658,2.5038036751487764,0.012267285540990911
36390,101.28666635903504,2.5007767027614984,0.01225245501135794
36400,101.16421588685492,2.497753389831199,0.012237642411087454
36410,101.04191345112102,2.49473373193378,0.01222284771850376
36420,100.91975887286475,2.4917177246504907,0.012208070911957369
36430,100.79775197333385,2.4887053635679224,0.01219331196982496
36440,100.67589257399221,2.485696644278003,0.01217857087050936
36450,100.55418049651945,2.482691562377986,0.012163847592439493
36460,100.43261556281102,2.479690113470455,0.012149142114070392
36470,100.31119759497747,2.4766922931633037,0.012134454413883106
36480,100.18992641534443,2.473698097069736,0.012119784470384708
36490,100.06880184645239,2.470707520808261,0.012105132262108258
36500,99.94782371105636,2.467720560002685,0.012090497767612769
36510,99.82699183212561,2.464737210282103,0.012075880965483168
36520,99.70630603284337,2.4617574672808935,0.01206128183433027
36530,99.5857661366069,2.4587813266387193,0.012046700352790776
36540,99.46537196702667,2.4558087840005074,0.012032136499527182
36550,99.3451233479265,2.452839835016453,0.012017590253227793
36560,99.22502010334321,2.4498744753420088,0.012003061592606673
36570,99.10506205752634,2.446912700637881,0.011988550496403629
36580,98.9852490349379,2.443954506570021,0.011974056943384161
36590,98.86558086025211,2.44099988880962,0.011959580912339448
36600,98.74605735835507,2.4380488430331004,0.011945122382086292
36610,98.62667835434486,2.4351013649221183,0.011930681331467142
36620,98.50744367353074,2.432157450163544,0.011916257739349992
36630,98.38835314143324,2.4292170944494638,0.011901851584628392
36640,98.26940658378382,2.4262802934771726,0.01188746284622141
36650,98.15060382652464,2.423347042949167,0.0118730915030736
36660,98.03194469580829,2.4204173385731385,0.011858737534154973
36670,97.9134290179974,2.417491176061966,0.011844400918460948
36680,97.79505661966485,2.414568551133718,0.011830081635012374
36690,97.67682732759287,2.411649459511633,0.01181577966285543
36700,97.55874096877322,2.408733896924122,0.011801494981061637
36710,97.4407973704068,2.4058218591047598,0.011787227568727819
36720,97.32299635990341,2.40291334179228,0.011772977404976069
36730,97.20533776488153,2.400008340730567,0.01175874446895372
36740,97.08782141316794,2.397106851668649,0.011744528739833306
36750,96.97044713279782,2.3942088703606994,0.011730330196812572
36760,96.85321475201397,2.3913143925660183,0.011716148819114378
36770,96.73612409926699,2.3884234140490355,0.011701984585986718
36780,96.61917500321479,2.3855359305793,0.011687837476702666
36790,96.50236729272248,2.3826519379314752,0.011673707470560362
36800,96.38570079686205,2.3797714318853354,0.011659594546882968
36810,96.26917534491206,2.3768944082257515,0.011645498685018638
36820,96.15279076635768,2.3740208627426984,0.011631419864340518
36830,96.03654689089,2.371150791231234,0.011617358064246663
36840,95.92044354840608,2.3682841894915017,0.011603313264160047
36850,95.80448056900863,2.365421053328722,0.011589285443528516
36860,95.68865778300577,2.3625613785531874,0.011575274581824767
36870,95.57297502091075,2.3597051609802557,0.011561280658546311
36880,95.45743211344171,2.356852396430343,0.011547303653215445
36890,95.3420288915214,2.3540030807289165,0.011533343545379215
36900,95.22676518627718,2.3511572097064968,0.011519400314609421
36910,95.11164082904035,2.348314779198638,0.01150547394050253
36920,94.99665565134622,2.345475785045932,0.01149156440267969
36930,94.88180948493368,2.3426402230939973,0.011477671680786677
36940,94.76710216174517,2.3398080891934785,0.011463795754493885
36950,94.6525335139262,2.3369793792000335,0.011449936603496278
36960,94.53810337382514,2.3341540889743277,0.011436094207513358
36970,94.42381157399333,2.3313322143820403,0.011422268546289182
36980,94.30965794718429,2.32851375129384,0.011408459599592257
36990,94.19564232635379,2.325698695585391,0.011394667347215563
37000,94.08176454465955,2.322887043137342,0.011380891768976508
37010,93.968024435461,2.3200787898353226,0.011367132844716901
37020,93.85442183231909,2.317273931569938,0.011353390554302923
37030,93.74095656899578,2.3144724642367573,0.01133966487762508
37040,93.62762847945436,2.3116743837363187,0.011325955794598224
37050,93.51443739785854,2.30887968597411,0.011312263285161458
37060,93.40138315857264,2.306088366860571,0.011298587329278147
37070,93.28846559616119,2.3033004223110862,0.011284927906935879
37080,93.17568454538876,2.3005158482459778,0.011271284998146438
37090,93.06303984121966,2.2977346405905004,0.011257658582945772
37100,92.95053131881762,2.2949567952748318,0.01124404864139395
37110,92.83815881354596,2.2921823082340773,0.011230455153575186
37120,92.72592216096669,2.28941117540825,0.011216878099597732
37130,92.61382119684077,2.2866433927422722,0.011203317459593905
37140,92.50185575712773,2.283878956185971,0.01118977321372004
37150,92.39002567798536,2.2811178616940673,0.011176245342156457
37160,92.27833079576958,2.2783601052261746,0.011162733825107444
37170,92.1667709470341,2.2756056827467894,0.011149238642801216
37180,92.05534596853018,2.2728545902252866,0.011135759775489881
37190,91.94405569720668,2.2701068236359188,0.011122297203449457
37200,91.83289997020931,2.2673623789577992,0.011108850906979767
37210,91.7218786248808,2.2646212521749054,0.011095420866404474
37220,91.61099149876046,2.2618834392760685,0.011082007062071016
37230,91.50023842958402,2.25914893625497,0.011068609474350597
37240,91.38961925528342,2.256417739110135,0.011055228083638149
37250,91.27913381398645,2.2536898438449247,0.011041862870352298
37260,91.16878194401676,2.2509652464675347,0.01102851381493537
37270,91.05856348389331,2.2482439429909853,0.011015180897853305
37280,90.94847827233032,2.245525929433115,0.011001864099595672
37290,90.83852614823697,2.2428112018165787,0.010988563400675623
37300,90.72870695071724,2.240099756168839,0.010975278781629872
37310,90.61902051906962,2.237391588522161,0.010962010223018662
37320,90.50946669278675,2.234686694913604,0.010948757705425726
37330,90.40004531155562,2.2319850713850258,0.010935521209458303
37340,90.29075621525675,2.229286713983063,0.010922300715747046
37350,90.18159924396434,2.2265916187591324,0.010909096204946034
37360,90.0725742379459,2.2238997817694255,0.010895907657732734
37370,89.96368103766208,2.2212111990749017,0.010882735054807973
37380,89.85491948376638,2.2185258667412815,0.01086957837689591
37390,89.7462894171049,2.215843780839042,0.010856437604744
37400,89.63779067871636,2.2131649374434135,0.010843312719123
37410,89.52942310983138,2.210489332634368,0.010830203700826883
37420,89.4211865518727,2.2078169624966173,0.010817110530672854
37430,89.31308084645468,2.2051478231196073,0.010804033189501312
37440,89.20510583538321,2.202481910597511,0.01079097165817581
37450,89.09726136065542,2.1998192210292236,0.010777925917583047
37460,88.98954726445943,2.197159750518356,0.010764895948632818
37470,88.88196338917412,2.1945034951732287,0.010751881732257997
37480,88.7745095773691,2.191850451106872,0.01073888324941453
37490,88.66718567180415,2.18920061443701,0.010725900481081366
37500,88.55999151542913,2.1865539812860626,0.01071293340826045
37510,88.45292695138384,2.183910547781136,0.010699982011976703
37520,88.34599182299768,2.18127031005402,0.010687046273277979
37530,88.23918597378945,2.17863326424118,0.010674126173235049
37540,88.1325092474671,2.175999406483752,0.010661221692941557
37550,88.02596148792767,2.1733687329275395,0.01064833281351403
37560,87.91954253925681,2.1707412397230037,0.010635459516091803
37570,87.81325224572863,2.1681169230252584,0.010622601781837014
37580,87.70709045180558,2.1654957789940683,0.01060975959193458
37590,87.6010570021381,2.162877803793839,0.010596932927592161
37600,87.49515174156447,2.1602629935936135,0.01058412177004014
37610,87.38937451511043,2.157651344567064,0.010571326100531577
37620,87.28372516798939,2.1550428528924965,0.01055854590034223
37630,87.17820354560156,2.1524375147528283,0.010545781150770463
37640,87.07280949353421,2.1498353263355945,0.010533031833137255
37650,86.96754285756124,2.1472362838329406,0.010520297928786174
37660,86.862403483643,2.1446403834416135,0.010507579419083337
37670,86.75739121792614,2.14204762136296,0.010494876285417393
37680,86.65250590674319,2.139457993802917,0.010482188509199485
37690,86.5477473966125,2.1368714969720095,0.010469516071863227
37700,86.44311553423807,2.1342881270853455,0.0104568589548647
37710,86.33861016650916,2.1317078803626073,0.010444217139682382
37720,86.23423114050007,2.1291307530280457,0.010431590607817148
37730,86.12997830347004,2.1265567413104787,0.010418979340792237
37740,86.02585150286296,2.1239858414432815,0.010406383320153229
37750,85.92185058630714,2.1214180496643844,0.010393802527468007
37760,85.81797540161507,2.1188533622162637,0.01038123694432674
37770,85.71422579678338,2.116291775345944,0.010368686552341872
37780,85.61060161999228,2.11373328530498,0.010356151333148052
37790,85.50710271960561,2.111177888349462,0.01034363126840214
37800,85.40372894417051,2.108625580740006,0.010331126339783173
37810,85.30048014241721,2.1060763587417477,0.010318636528992337
37820,85.19735616325886,2.1035302186243396,0.010306161817752941
37830,85.0943568557911,2.1009871566619402,0.010293702187810377
37840,84.99148206929237,2.09844716913322,0.01028125762093214
37850,84.88873165322298,2.095910252321341,0.01026882809890773
37860,84.78610545722536,2.0933764025139623,0.010256413603548682
37870,84.6836033311237,2.0908456160032296,0.010244014116688514
37880,84.58122512492378,2.0883178890857717,0.010231629620182708
37890,84.47897068881262,2.085793218062694,0.01021926009590868
37900,84.37683987315843,2.083271599239574,0.01020690552576575
37910,84.27483252851043,2.0807530289264586,0.010194565891675143
37920,84.1729485055983,2.0782375034378506,0.010182241175579917
37930,84.07118765533231,2.0757250190927117,0.010169931359444969
37940,83.96954982880294,2.0732155722144525,0.010157636425256997
37950,83.86803487728068,2.0707091591309283,0.010145356355024478
37960,83.76664265221585,2.068205776174435,0.010133091130777639
37970,83.66537300523835,2.0657054196817004,0.010120840734568433
37980,83.5642257881574,2.0632080859938826,0.010108605148470501
37990,83.46320085296153,2.0607137714565646,0.010096384354579182
38000,83.36229805181809,2.0582224724197453,0.010084178335011436
38010,83.26151723707312,2.055734185237836,0.01007198707190585
38020,83.16085826125126,2.053248906269656,0.010059810547422608
38030,83.06032097705535,2.050766631878427,0.010047648743743455
38040,82.95990523736639,2.048287358431766,0.010035501643071683
38050,82.8596108952431,2.0458110823016815,0.01002336922763209
38060,82.7594378039221,2.043337799864572,0.010011251479670986
38070,82.6593858168172,2.040867507501212,0.009999148381456121
38080,82.55945478751954,2.0384002015967537,0.009987059915276692
38090,82.4596445697972,2.035935878540718,0.009974986063443304
38100,82.35995501759511,2.033474534726992,0.009962926808287953
38110,82.2603859850347,2.0310161665538216,0.009950882132163986
38120,82.16093732641376,2.0285607704238062,0.009938852017446084
38130,82.0616088962064,2.026108342743899,0.009926836446530259
38140,81.96240054906244,2.023658879925391,0.009914835401833777
38150,81.86331213980753,2.0212123783839147,0.009902848865795172
38160,81.76434352344283,2.018768834539436,0.00989087682087421
38170,81.66549455514475,2.016328244816248,0.009878919249551858
38180,81.56676509026482,2.013890605642967,0.009866976134330267
38190,81.46815498432936,2.0114559134525245,0.00985504745773273
38200,81.36966409303955,2.009024164682171,0.009843133202303697
38210,81.27129227227086,2.006595355773459,0.009831233350608693
38220,81.17303937807299,2.0041694831722427,0.00981934788523433
38230,81.07490526666976,2.0017465433286756,0.009807476788788273
38240,80.97688979445873,1.999326532697201,0.00979562004389921
38250,80.87899281801111,1.996909447736549,0.009783777633216835
38260,80.78121419407148,1.9944952849097308,0.009771949539411812
38270,80.68355377955758,1.9920840406840332,0.009760135745175752
38280,80.58601143156032,1.989675711531018,0.009748336233221215
38290,80.48858700734314,1.9872702939265066,0.009736550986281631
38300,80.39128036434215,1.9848677843505846,0.009724779987111317
38310,80.29409136016578,1.9824681792875911,0.009713023218485441
38320,80.19701985259466,1.980071475226118,0.009701280663199991
38330,80.1000656995813,1.9776776686589994,0.009689552304071754
38340,80.00322875924986,1.9752867560833094,0.009677838123938284
38350,79.90650888989629,1.9728987340003612,0.009666138105657909
38360,79.80990594998761,1.9705135989156943,0.009654452232109654
38370,79.71341979816202,1.968131347339073,0.00964278048619325
38380,79.6170502932286,1.9657519757844808,0.009631122850829104
38390,79.52079729416714,1.9633754807701165,0.009619479308958269
38400,79.42466066012794,1.9610018588183886,0.009607849843542423
38410,79.32864025043145,1.9586311064559068,0.009596234437563831
38420,79.23273592456847,1.9562632202134864,0.009584633074025363
38430,79.13694754219942,1.9538981966261308,0.009573045735950405
38440,79.04127496315446,1.9515360322330344,0.009561472406382882
38450,78.94571804743322,1.9491767235775757,0.009549913068387211
38460,78.85027665520455,1.9468202672073116,0.009538367705048291
38470,78.7549506468064,1.9444666596739735,0.009526836299471465
38480,78.65973988274551,1.9421158975334603,0.009515318834782502
38490,78.56464422369726,1.9397679773458352,0.009503815294127565
38500,78.46966353050558,1.9374228956753228,0.009492325660673213
38510,78.37479766418251,1.9350806490902976,0.009480849917606334
38520,78.28004648590817,1.932741234163285,0.009469388048134153
38530,78.18540985703045,1.9304046474709522,0.00945794003548419
38540,78.09088763906495,1.9280708855941067,0.009446505862904249
38550,77.9964796936946,1.9257399451176884,0.00943508551366238
38560,77.90218588276956,1.9234118226307655,0.009423678971046857
38570,77.80800606830717,1.9210865147265337,0.009412286218366182
38580,77.71394011249137,1.9187640180023027,0.00940090723894901
38590,77.61998787767283,1.9164443290594981,0.009389542016144163
38600,77.52614922636856,1.9141274445036531,0.009378190533320585
38610,77.43242402126188,1.9118133609444066,0.009366852773867338
38620,77.33881212520198,1.9095020749954932,0.009355528721193555
38630,77.24531340120392,1.9071935832747422,0.009344218358728422
38640,77.15192771244851,1.9048878824040765,0.009332921669921185
38650,77.05865492228176,1.9025849690094967,0.009321638638241073
38660,76.96549489421498,1.900284839721085,0.009310369247177309
38670,76.87244749192448,1.897987491172997,0.009299113480239074
38680,76.77951257925137,1.8956929200034591,0.009287871320955488
38690,76.68669002020138,1.8934011228547594,0.009276642752875581
38700,76.59397967894456,1.8911120963732453,0.009265427759568267
38710,76.50138141981543,1.8888258372093238,0.009254226324622347
38720,76.40889510731226,1.8865423420174454,0.009243038431646438
38730,76.3165206060972,1.8842616074561065,0.009231864064268977
38740,76.22425778099607,1.8819836301878452,0.009220703206138202
38750,76.13210649699808,1.8797084068792327,0.009209555840922113
38760,76.04006661925564,1.8774359342008704,0.009198421952308456
38770,75.94813801308423,1.8751662088273855,0.009187301524004701
38780,75.85632054396204,1.8728992274374228,0.009176194539738001
38790,75.76461407753014,1.8706349867136483,0.00916510098325521
38800,75.67301847959179,1.868373483342733,0.009154020838322808
38810,75.58153361611258,1.8661147140153553,0.009142954088726904
38820,75.49015935322012,1.8638586754261943,0.009131900718273214
38830,75.39889555720391,1.8616053642739259,0.00912086071078703
38840,75.30774209451505,1.8593547772612156,0.009109834050113196
38850,75.21669883176601,1.8571069110947143,0.00909882072011608
38860,75.12576563573079,1.8548617624850596,0.009087820704679585
38870,75.03494237334422,1.8526193281468615,0.009076833987707072
38880,74.94422891170206,1.850379604798702,0.009065860553121365
38890,74.85362511806072,1.8481425891631307,0.009054900384864728
38900,74.76313085983715,1.8459082779666598,0.009043953466898841
38910,74.67274600460853,1.8436766679397587,0.009033019783204768
38920,74.5824704201121,1.8414477558168483,0.009022099317782936
38930,74.49230397424519,1.8392215383363018,0.009011192054653134
38940,74.4022465350646,1.83699801224043,0.00900029797785445
38950,74.31229797078682,1.8347771742754861,0.008989417071445275
38960,74.22245814978751,1.8325590211916545,0.008978549319503272
38970,74.13272694060156,1.8303435497430491,0.008967694706125353
38980,74.04310421192275,1.8281307566877087,0.008956853215427656
38990,73.95358983260357,1.8259206387875888,0.008946024831545515
39000,73.86418367165523,1.8237131928085653,0.008935209538633467
39010,73.77488559824711,1.8215084155204184,0.008924407320865182
39020,73.68569548170683,1.8193063036968355,0.008913618162433471
39030,73.59661319151996,1.8171068541154043,0.008902842047550251
39040,73.50763859732992,1.8149100635576085,0.008892078960446534
39050,73.41877156893763,1.8127159288088224,0.008881328885372389
39060,73.33001197630149,1.8105244466583068,0.008870591806596929
39070,73.24135968953702,1.8083356138992024,0.008859867708408275
39080,73.15281457891696,1.8061494273285321,0.00884915657511357
39090,73.0643765148707,1.8039658837471861,0.008838458391038901
39100,72.97604536798433,1.8017849799599233,0.008827773140529318
39110,72.88782100900036,1.7996067127753652,0.008817100807948787
39120,72.79970330881767,1.7974310790059935,0.008806441377680189
39130,72.71169213849107,1.7952580754681404,0.008795794834125275
39140,72.62378736923132,1.793087698981988,0.008785161161704653
39150,72.53598887240503,1.7909199463715666,0.008774540344857786
39160,72.44829651953408,1.7887548144647405,0.008763932368042923
39170,72.36071018229582,1.7865923000932116,0.008753337215737116
39180,72.27322973252268,1.7844324000925118,0.008742754872436179
39190,72.18585504220205,1.7822751113019983,0.00873218532265467
39200,72.09858598347608,1.7801204305648495,0.008721628550925871
39210,72.01142242864148,1.77796835472806,0.008711084541801754
39220,71.92436425014942,1.775818880642438,0.008700553279852984
39230,71.83741132060521,1.7736720051625972,0.008690034749668866
39240,71.75056351276817,1.7715277251469541,0.008679528935857337
39250,71.66382069955142,1.7693860374577228,0.008669035823044942
39260,71.5771827540218,1.767246938960912,0.008658555395876816
39270,71.49064954939955,1.7651104265263182,0.008648087639016653
39280,71.40422095905812,1.762976497027521,0.008637632537146682
39290,71.31789685652427,1.7608451473418851,0.008627190074967676
39300,71.23167711547742,1.758716374350544,0.008616760237198874
39310,71.14556160974982,1.756590174938405,0.008606343008578005
39320,71.05955021332622,1.7544665459941402,0.008595938373861243
39330,70.97364280034368,1.7523454844101831,0.00858554631782319
39340,70.88783924509151,1.7502269870827252,0.008575166825256863
39350,70.80213942201097,1.7481110509117102,0.008564799880973657
39360,70.71654320569496,1.7459976728008262,0.008554445469803319
39370,70.63105047088831,1.7438868496575115,0.008544103576593966
39380,70.54566109248701,1.7417785783929374,0.008533774186212007
39390,70.46037494553838,1.739672855922011,0.008523457283542153
39400,70.37519190524081,1.7375696791633701,0.008513152853487391
39410,70.29011184694353,1.7354690450393757,0.008502860880968957
39420,70.20513464614652,1.7333709504761114,0.008492581350926317
39430,70.12026017850017,1.7312753924033746,0.008482314248317139
39440,70.03548831980545,1.7291823677546803,0.0084720595581173
39450,69.95081894601319,1.7270918734672431,0.00846181726532081
39460,69.86625193322433,1.7250039064819853,0.008451587354939838
39470,69.78178715768958,1.722918463743525,0.008441369812004666
39480,69.69742449580927,1.7208355422001762,0.008431164621563675
39490,69.61316382413314,1.7187551388039408,0.008420971768683326
39500,69.52900501936008,1.7166772505105037,0.00841079123844812
39510,69.4449479583383,1.7146018742792362,0.008400623015960614
39520,69.36099251806466,1.7125290070731798,0.008390467086341358
39530,69.2771385756848,1.7104586458590498,0.00838032343472889
39540,69.1933860084929,1.7083907876072286,0.008370192046279723
39550,69.10973469393143,1.7063254292917605,0.008360072906168308
39560,69.0261845095911,1.704262567890349,0.008349965999587023
39570,68.94273533321058,1.7022022003843504,0.008339871311746148
39580,68.85938704267623,1.7001443237587694,0.008329788827873833
39590,68.77613951602234,1.698088935002261,0.008319718533216112
39600,68.69299263143034,1.6960360311071145,0.00830966041303683
39610,68.60994626722909,1.6939856090692587,0.008299614452617659
39620,68.52700030189449,1.6919376658882523,0.00828958063725806
39630,68.44415461404935,1.6898921985672826,0.008279558952275267
39640,68.3614090824633,1.6878492041131605,0.00826954938300427
39650,68.27876358605235,1.685808679536312,0.008259551914797774
39660,68.19621800387918,1.6837706218507842,0.008249566533026218
39670,68.11377221515242,1.681735028074227,0.008239593223077704
39680,68.03142609922688,1.6797018952279001,0.008229631970358009
39690,67.94917953560312,1.6776712203366622,0.008219682760290547
39700,67.86703240392744,1.6756430004289695,0.008209745578316361
39710,67.78498458399164,1.6736172325368712,0.008199820409894094
39720,67.70303595573276,1.6715939136960019,0.008189907240499958
39730,67.62118639923318,1.6695730409455853,0.008180006055627749
39740,67.5394357947201,1.6675546113284205,0.008170116840788777
39750,67.45778402256556,1.6655386218908823,0.008160239581511875
39760,67.37623096328619,1.663525069682916,0.00815037426334337
39770,67.29477649754314,1.6615139517580348,0.008140520871847067
39780,67.21342050614176,1.6595052651733126,0.008130679392604218
39790,67.1321628700315,1.6574990069893805,0.008120849811213504
39800,67.05100347030589,1.6554951742704274,0.008111032113291035
39810,66.96994218820203,1.653493764084187,0.00810122628447029
39820,66.88897890510066,1.6514947735019392,0.008091432310402125
39830,66.80811350252593,1.6494981995985047,0.00808165017675474
39840,66.72734586214524,1.6475040394522418,0.008071879869213665
39850,66.64667586576898,1.6455122901450379,0.008062121373481732
39860,66.56610339535051,1.643522948762311,0.00805237467527906
39870,66.4856283329858,1.641536012393001,0.008042639760343024
39880,66.40525056091354,1.6395514781295704,0.008032916614428263
39890,66.32496996151461,1.6375693430679925,0.008023205223306617
39900,66.24478641731216,1.6355896043077538,0.008013505572767135
39910,66.16469981097133,1.6336122589518465,0.008003817648616043
39920,66.08471002529915,1.6316373041067656,0.007994141436676728
39930,66.00481694324431,1.629664736882504,0.00798447692278972
39940,65.92502044789694,1.6276945543925467,0.007974824092812654
39950,65.84532042248873,1.6257267537538738,0.007965182932620288
39960,65.7657167503923,1.6237613320869453,0.007955553428104431
39970,65.68620931512137,1.6217982865157043,0.007945935565173961
39980,65.60679800033046,1.6198376141675708,0.007936329329754785
39990,65.52748268981478,1.6178793121734385,0.007926734707789831
40000,65.44826326750997,1.6159233776676682,0.007917151685239017
40010,65.369139617492,1.613969807788085,0.007907580248079232
40020,65.29011162397707,1.612018599675977,0.007898020382304331
40030,65.21117917132128,1.6100697504760861,0.00788847207392509
40040,65.1323421440205,1.608123257336605,0.0078789353089692
40050,65.05360042671035,1.6061791174091773,0.007869410073481244
40060,64.9749539041658,1.6042373278488868,0.007859896353522676
40070,64.89640246130121,1.6022978858142587,0.007850394135171803
40080,64.81794598316998,1.6003607884672513,0.007840903404523753
40090,64.73958435496465,1.5984260329732587,0.007831424147690487
40100,64.66131746201638,1.596493616501097,0.007821956350800735
40110,64.58314518979502,1.5945635362230064,0.007812500000000002
40120,64.5050674239089,1.5926357893146468,0.007803055081450546
40130,64.4270840501046,1.590710372955091,0.007793621581331347
40140,64.34919495426686,1.5887872843268238,0.007784199485838104
40150,64.27140002241839,1.5868665206157353,0.007774788781183196
40160,64.1936991407196,1.584948079011116,0.007765389453595667
40170,64.11609219546872,1.5830319567056594,0.007756001489321232
40180,64.03857907310127,1.5811181508954484,0.00774662487462221
40190,63.96115966019012,1.5792066587799571,0.007737259595777537
40200,63.883833843445245,1.5772974775620452,0.0077279056390827374
40210,63.80660150971361,1.575390604447954,0.007718562990849901
40220,63.72946254597896,1.5734860366473022,0.0077092316374076705
40230,63.65241683936163,1.5715837713730811,0.007699911565101204
40240,63.57546427711857,1.5696838058416547,0.0076906027602921916
40250,63.49860474664288,1.5677861372727488,0.007681305209358791
40260,63.421838135463844,1.5658907628894516,0.007672018898695634
40270,63.34516433124672,1.5639976799182085,0.0076627438147138
40280,63.268583221792554,1.5621068855888172,0.0076534799438407975
40290,63.19209469503808,1.560218377134426,0.007644227272520544
40300,63.115698639055395,1.5583321517915252,0.0076349857872133374
40310,63.03939494205214,1.5564482067999514,0.007625755474395867
40320,62.963183492370895,1.5545665394028731,0.007616536320561147
40330,62.88706417848929,1.5526871468467933,0.007607328312218531
40340,62.81103688901981,1.5508100263815445,0.007598131435893682
40350,62.73510151270957,1.548935175260283,0.007588945678128551
40360,62.6592579384402,1.5470625907394864,0.00757977102548136
40370,62.583506055227595,1.5451922700789478,0.007570607464526574
40380,62.50784575222201,1.5433242105417768,0.007561454981854911
40390,62.432276918707544,1.5414584093943884,0.007552313564073278
40400,62.356799444102194,1.5395948639065031,0.007543183197804781
40410,62.281413217957635,1.537733571351142,0.007534063869688698
40420,62.20611812995907,1.535874529004623,0.007524955566380459
40430,62.130914069925105,1.5340177341465577,0.0075158582745516265
40440,62.055800927807496,1.5321631840598455,0.007506771980889879
40450,61.98077859369103,1.5303108760306703,0.007497696672098979
40460,61.905846957793514,1.5284608073484995,0.007488632334898785
40470,61.83100591046532,1.5266129753060749,0.007479578956025192
40480,61.756255342189434,1.524767377199411,0.007470536522230133
40490,61.68159514358124,1.5229240103277926,0.007461505020281562
40500,61.60702520538838,1.521082871993769,0.007452484436963428
40510,61.53254541849056,1.5192439595031508,0.007443474759075656
40520,61.45815567389935,1.5174072701650039,0.007434475973434125
40530,61.383855862758246,1.5155728012916518,0.007425488066870671
40540,61.309645876342195,1.5137405501986634,0.007416511026233031
40550,61.235525606057635,1.5119105142048537,0.007407544838384849
40560,61.161494943442285,1.51008269063228,0.007398589490205649
40570,61.08755378016499,1.508257076806236,0.0073896449685908186
40580,61.01370200802557,1.5064336700552503,0.007380711260451587
40590,60.93993951895458,1.5046124677110784,0.007371788352715001
40600,60.86626620501342,1.5027934671087069,0.007362876232323932
40610,60.79268195839377,1.5009766655863388,0.007353974886237015
40620,60.71918667141776,1.4991620604853981,0.0073450843014286615
40630,60.645780236537654,1.497349649150522,0.007336204464889027
40640,60.57246254633575,1.4955394289295574,0.007327335363623998
40650,60.4992334935242,1.4937313971735584,0.007318476984655167
40660,60.42609297094488,1.4919255512367813,0.007309629315019821
40670,60.35304087156915,1.4901218884766796,0.007300792341770907
40680,60.28007708849791,1.488320406253905,0.007291966051977047
40690,60.207201514961156,1.4865211019322968,0.007283150432722477
40700,60.134414044318014,1.4847239728788824,0.007274345471107052
40710,60.061714570056516,1.4829290164638722,0.007265551154246224
40720,59.98910298579349,1.4811362300606559,0.007256767469271021
40730,59.916579185274344,1.4793456110457985,0.0072479944033280305
40740,59.84414306237291,1.4775571567990355,0.0072392319435793705
40750,59.77179451109148,1.4757708647032743,0.0072304800772027
40760,59.69953342556032,1.4739867321445819,0.00722173879139116
40770,59.62735970003776,1.4722047565121867,0.0072130080733533814
40780,59.55527322890995,1.4704249351984742,0.0072042879103134585
40790,59.48327390669071,1.4686472655989808,0.00719557828951093
40800,59.41136162802143,1.4668717451123932,0.007186879198200764
40810,59.33953628767079,1.4650983711405408,0.007178190623653328
40820,59.267797780534835,1.4633271410883981,0.0071695125531543984
40830,59.19614600163655,1.461558052364073,0.007160844974005105
40840,59.12458084612586,1.459791102378808,0.007152187873521934
40850,59.053102209279466,1.4580262885469757,0.007143541239036708
40860,58.98170998650066,1.456263608286074,0.007134905057896562
40870,58.91040407331919,1.4545030590167236,0.007126279317463929
40880,58.839184365391056,1.4527446381626614,0.007117664005116514
40890,58.76805075849857,1.4509883431507438,0.007109059108247301
40900,58.69700314854984,1.449234171410933,0.007100464614264494
40910,58.626041431578926,1.4474821203763006,0.007091880510591531
40920,58.55516550374553,1.4457321874830205,0.007083306784667048
40930,58.484375261334925,1.443984370170367,0.007074743423944872
40940,58.41367060075775,1.4422386658807096,0.007066190415893996
40950,58.34305141854988,1.44049507205951,0.007057647747998563
40960,58.27251761137222,1.4387535861553171,0.007049115407757839
40970,58.20206907601079,1.4370142056197681,0.0070405933826862225
40980,58.131705709376185,1.4352769279075772,0.0070320816603131895
40990,58.061427408503725,1.4335417504765369,0.007023580228183297
41000,57.99123407055319,1.431808670787513,0.007015089073856158
41010,57.92112559280869,1.4300776863044418,0.007006608184906429
41020,57.85110187267853,1.4283487944943247,0.0069981375489237855
41030,57.78116280769494,1.4266219928272237,0.006989677153512901
41040,57.711308295514264,1.4248972787762648,0.006981226986293454
41050,57.641538233916336,1.4231746498176234,0.006972787034900069
41060,57.57185252080469,1.4214541034305286,0.006964357286982329
41070,57.50225105420624,1.4197356370972558,0.006955937730204746
41080,57.43273373227121,1.418019248303125,0.006947528352246745
41090,57.36330045327294,1.4163049345364964,0.006939129140802648
41100,57.29395111560771,1.4145926932887651,0.006930740083581644
41110,57.22468561779478,1.4128825220543626,0.006922361168307802
41120,57.155503858475946,1.4111744183307458,0.0069139923827200135
41130,57.0864057364156,1.4094683796183989,0.006905633714572
41140,57.017391150500494,1.4077644034208265,0.006897285151632285
41150,56.94845999973966,1.4060624872445535,0.006888946681684183
41160,56.87961218326419,1.4043626285991169,0.006880618292525775
41170,56.8108476003271,1.402664824997065,0.006872299971969889
41180,56.74216615030333,1.4009690739539566,0.006863991707844104
41190,56.673567732689335,1.3992753729883498,0.006855693487990699
41200,56.6050522471031,1.3975837196218042,0.006847405300266651
41210,56.53661959328401,1.395894111378876,0.006839127132543625
41220,56.46826967109262,1.394206545787114,0.006830858972707944
41230,56.40000238051057,1.392521020377056,0.006822600808660577
41240,56.33181762164042,1.3908375326822249,0.00681435262831712
41250,56.26371529470542,1.3891560802391245,0.0068061144196077715
41260,56.19569530004963,1.3874766605872406,0.006797886170477342
41270,56.12775753813742,1.3857992712690301,0.006789667868885196
41280,56.05990190955357,1.384123909829922,0.006781459502805261
41290,55.992128315002994,1.3824505738183122,0.006773261060226005
41300,55.924436655310714,1.3807792607855616,0.006765072529150415
41310,55.8568268314216,1.3791099682859904,0.006756893897595984
41320,55.78929874440025,1.377442693876875,0.006748725153594682
41330,55.721852295431006,1.3757774351184477,0.00674056628519297
41340,55.65448738581754,1.3741141895738878,0.006732417280451739
41350,55.587203916982865,1.3724529548093207,0.006724278127446321
41360,55.52000179046921,1.3707937283938154,0.006716148814266465
41370,55.45288090793778,1.3691365078993787,0.006708029329016317
41380,55.385841171168735,1.3674812909009535,0.006699919659814406
41390,55.318882482060864,1.3658280749764125,0.006691819794793619
41400,55.25200474263173,1.3641768577065612,0.006683729722101206
41410,55.18520785501722,1.362527636675125,0.006675649429898732
41420,55.11849172147155,1.360880409468753,0.006667578906362075
41430,55.05185624436714,1.359235173677011,0.006659518139681414
41440,54.9853013261944,1.357591926892379,0.006651467118061199
41450,54.91882686956166,1.3559506667102479,0.0066434258297201456
41460,54.85243277719493,1.3543113907289144,0.006635394262891203
41470,54.786118951937944,1.3526740965495816,0.006627372405821566
41480,54.71988529675178,1.35103878177635,0.0066193602467726174
41490,54.65373171471485,1.3494054440162175,0.006611357774019941
41500,54.58765810902277,1.3477740808790746,0.006603364975853293
41510,54.52166438298816,1.346144689977702,0.006595381840576586
41520,54.45575044004057,1.3445172689277665,0.006587408356507874
41530,54.38991618372623,1.3428918153478162,0.0065794445119793325
41540,54.324161517707985,1.3412683268592782,0.0065714902953372374
41550,54.25848634576529,1.3396468010864586,0.0065635456949419725
41560,54.19289057179376,1.338027235656532,0.006555610699167973
41570,54.127374099805245,1.3364096281995421,0.006547685296403737
41580,54.06193683392766,1.3347939763483994,0.0065397694750518
41590,53.9965786784048,1.333180277738874,0.006531863223528716
41600,53.93129953759623,1.3315685300095954,0.006523966530265045
41610,53.86609931597712,1.3299587308020473,0.006516079383705329
41620,53.800977918138216,1.328350877760567,0.006508201772308094
41630,53.735935248785516,1.3267449685323367,0.006500333684545805
41640,53.67097121274025,1.3251410007673845,0.006492475108904867
41650,53.6060857149387,1.3235389721185788,0.0064846260338856055
41660,53.5412786604321,1.321938880241626,0.006476786448002246
41670,53.476549954386456,1.320340722795067,0.006468956339782905
41680,53.41189950208239,1.3187444974402716,0.0064611356977695555
41690,53.347327208915154,1.3171502018414403,0.006453324510518044
41700,53.28283298039427,1.3155578336655946,0.006445522766598037
41710,53.218416722143495,1.3139673905825775,0.00643773045459302
41720,53.154078339900714,1.3123788702650485,0.006429947563100286
41730,53.08981773951776,1.3107922703884813,0.006422174080730908
41740,53.02563482696028,1.3092075886311592,0.006414409996109731
41750,52.96152950830763,1.3076248226741733,0.0064066552978753535
41760,52.89750168975261,1.3060439702014162,0.006398909974680098
41770,52.83355127760164,1.3044650288995843,0.00639117401519003
41780,52.76967817827421,1.302887996458167,0.0063834474080848936
41790,52.70588229830303,1.3013128705694486,0.006375730142058128
41800,52.642163544333776,1.2997396489285027,0.00636802220581684
41810,52.578521823125016,1.29816832923319,0.00636032358808179
41820,52.514957041548016,1.296598909184154,0.006352634277587374
41830,52.45146910658661,1.2950313864848175,0.006344954263081602
41840,52.388057925337186,1.2934657588413818,0.006337283533326103
41850,52.32472340500835,1.2919020239628196,0.006329622077096076
41860,52.2614654529209,1.2903401795608729,0.006321969883180298
41870,52.1982839765077,1.2887802233500512,0.006314326940381096
41880,52.13517888331352,1.2872221530476267,0.006306693237514339
41890,52.07215008099489,1.2856659663736307,0.006299068763409413
41900,52.00919747731995,1.284111661050851,0.0062914535069092045
41910,51.94632098016847,1.2825592348048307,0.006283847456870106
41920,51.88352049753146,1.2810086853638596,0.006276250602161965
41930,51.82079593751119,1.2794600104589753,0.006268662931668089
41940,51.75814720832107,1.277913207823958,0.006261084434285228
41950,51.69557421828544,1.2763682751953278,0.006253515098923551
41960,51.633076875839464,1.2748252103123414,0.006245954914506638
41970,51.570655089529,1.2732840109169874,0.006238403869971452
41980,51.508308768010565,1.2717446747539873,0.006230861954268347
41990,51.446037820051,1.2702071995707864,0.006223329156361023
42000,51.38384215452745,1.2686715831175537,0.006215805465226521
42010,51.32172168042727,1.2671378231471786,0.006208290869855214
42020,51.2596763068478,1.2656059174152665,0.006200785359250782
42030,51.19770594299632,1.2640758636801372,0.006193288922430202
42040,51.135810498189834,1.2625476597028196,0.006185801548423723
42050,51.073989881854956,1.2610213032470488,0.006178323226274858
42060,51.012244003527925,1.2594967920792666,0.006170853945040376
42070,50.95057277285421,1.2579741239686115,0.006163393693790264
42080,50.888976099588575,1.2564532966869209,0.0061559424616077245
42090,50.82745389359486,1.254934308008725,0.0061485002375891605
42100,50.76600606484589,1.253417155711245,0.0061410670108441555
42110,50.704632523423335,1.2519018375743893,0.006133642770495461
42120,50.64333317951751,1.250388351380749,0.006126227505678969
42130,50.58210794342745,1.2488766949155994,0.006118821205543726
42140,50.5209567255605,1.2473668659668897,0.006111423859251879
42150,50.45987943643237,1.2458588623252451,0.0061040354559786835
42160,50.39887598666692,1.2443526817839612,0.00609665598491248
42170,50.33794628699611,1.2428483221390014,0.00608928543525468
42180,50.27709024825977,1.241345781188994,0.006081923796219752
42190,50.21630778140551,1.2398450567352275,0.006074571057035196
42200,50.15559879748873,1.2383461465816517,0.006067227206941552
42210,50.09496320767221,1.2368490485348678,0.006059892235192353
42220,50.034400923226194,1.2353537604041305,0.006052566131054129
42230,49.97391185552817,1.2338602800013423,0.006045248883806384
42240,49.91349591606281,1.2323686051410514,0.006037940482741584
42250,49.85315301642173,1.2308787336404476,0.00603064091716514
42260,49.792883068303446,1.2293906633193594,0.006023350176395387
42270,49.73268598351333,1.2279043920002535,0.00601606824976359
42280,49.672561673963244,1.2264199175082262,0.0060087951266138955
42290,49.612510051671606,1.2249372376710044,0.006001530796303336
42300,49.55253102876316,1.2234563503189402,0.0059942752482018136
42310,49.49262451746894,1.2219772532850102,0.00598702847169208
42320,49.43279043012605,1.2204999444048097,0.005979790456169723
42330,49.37302867917758,1.219024421516551,0.005972561191043151
42340,49.31333917717243,1.2175506824610591,0.005965340665733571
42350,49.253721836765365,1.2160787250817717,0.005958128869674995
42360,49.194176570716614,1.2146085472247317,0.005950925792314195
42370,49.1347032918919,1.213140146738586,0.005943731423110704
42380,49.075301913262315,1.2116735214745833,0.0059365457515367995
42390,49.01597234790413,1.210208669286569,0.005929368767077486
42400,48.956714508998736,1.2087455880309839,0.005922200459230478
42410,48.897528309832424,1.207284275566859,0.005915040817506187
42420,48.83841366379643,1.2058247297558162,0.005907889831427714
42430,48.77937048438661,1.204366948462061,0.005900747490530819
42440,48.7203986852034,1.2029109295523799,0.0058936137843639096
42450,48.6614981799517,1.2014566708961398,0.0058864887024880335
42460,48.60266888244077,1.2000041703652835,0.00587937223447686
42470,48.54391070658401,1.1985534258343253,0.0058722643699166575
42480,48.4852235663989,1.1971044351803495,0.005865165098406285
42490,48.426607376006984,1.1956571962830091,0.005858074409557189
42500,48.36806204963349,1.1942117070245175,0.005850992292993358
42510,48.30958750160739,1.1927679652896497,0.005843918738351332
42520,48.251183646361234,1.1913259689657376,0.00583685373528018
42530,48.19285039843103,1.1898857159426677,0.005829797273441484
42540,48.13458767245607,1.1884472041128769,0.005822749342509323
42550,48.076395383178834,1.1870104313713492,0.005815709932170258
42560,48.01827344544499,1.1855753956156168,0.005808679032123331
42570,47.960221774203035,1.1841420947457506,0.0058016566320800225
42580,47.902240284504316,1.182710526664361,0.005794642721764258
42590,47.84432889150288,1.1812806892765937,0.005787637290912384
42600,47.786487510455366,1.1798525804901276,0.005780640329273155
42610,47.728716056720856,1.1784261982151716,0.005773651826607723
42620,47.67101444576073,1.1770015403644591,0.005766671772689612
42630,47.61338259313859,1.1755786048532484,0.0057597001573047105
42640,47.55582041452018,1.174157389599319,0.005752736970251265
42650,47.49832782567311,1.172737892522966,0.005745782201339845
42660,47.44090474246684,1.1713201115469987,0.0057388358403933385
42670,47.383551080872586,1.1699040445967392,0.005731897877246942
42680,47.32626675696309,1.1684896896000165,0.005724968301748138
42690,47.26905168691261,1.167077044487165,0.005718047103756684
42700,47.21190578699666,1.16566610719102,0.00571113427314459
42710,47.15482897359214,1.16425687564692,0.005704229799796128
42720,47.09782116317689,1.1628493477926953,0.00569733367360778
42730,47.04088227232977,1.1614435215686707,0.005690445884488253
42740,46.9840122177305,1.1600393949176613,0.0056835664223584504
42750,46.92721091615954,1.158636965784969,0.0056766952771514605
42760,46.87047828449793,1.1572362321183796,0.005669832438812544
42770,46.81381423972717,1.1558371918681591,0.005662977897299111
42780,46.757218698929265,1.1544398429870548,0.005656131642580728
42790,46.700691579286314,1.1530441834302854,0.005649293664639073
42800,46.644232798080594,1.1516502111555431,0.0056424639534679395
42810,46.58784227269438,1.1502579241229889,0.005635642499073219
42820,46.531519920609824,1.14886732029525,0.005628829291472885
42830,46.475265659408855,1.1474783976374168,0.00562202432069698
42840,46.419079406773015,1.1460911541170395,0.005615227576787597
42850,46.36296108048334,1.1447055877041248,0.005608439049798865
42860,46.30691059842039,1.1433216963711361,0.005601658729796953
42870,46.250927878563864,1.1419394780929855,0.00559488660686002
42880,46.19501283899268,1.1405589308470336,0.005588122671078229
42890,46.13916539788479,1.1391800526130873,0.005581366912553722
42900,46.08338547351704,1.1378028413733945,0.005574619321400607
42910,46.02767298426512,1.1364272951126442,0.005567879887744945
42920,45.97202784860333,1.1350534118179592,0.0055611486017247275
42930,45.916449985104656,1.1336811894788996,0.005554425453489884
42940,45.860939312440394,1.1323106260874525,0.005547710433202236
42950,45.80549574938022,1.130941719638034,0.005541003531035507
42960,45.750119214792,1.1295744681274849,0.005534304737175298
42970,45.69480962764171,1.1282088695550676,0.005527614041819074
42980,45.63956690699326,1.1268449219224632,0.0055209314351761535
42990,45.58439097200838,1.1254826232337674,0.005514256907467685
43000,45.529281741946654,1.1241219714954926,0.0055075904489266525
43010,45.47423913616515,1.1227629647165576,0.005500932049797835
43020,45.41926307411848,1.1214056009082893,0.005494281700337811
43030,45.36435347535862,1.1200498780844195,0.005487639390814936
43040,45.309510259534804,1.1186957942610802,0.00548100511150933
43050,45.254733346393415,1.1173433474568029,0.0054743788527128676
43060,45.20002265577781,1.1159925356925129,0.005467760604729152
43070,45.145378107628375,1.1146433569915315,0.005461150357873523
43080,45.090799621982164,1.1132958093795662,0.005454548102473016
43090,45.03628711897294,1.1119498908847127,0.005447953828866366
43100,44.981840518831035,1.1106055995374506,0.005441367527403986
43110,44.92745974188319,1.1092629333706407,0.005434789188447955
43120,44.87314470855249,1.1079218904195218,0.005428218802372004
43130,44.818895339358214,1.1065824687217076,0.005421656359561504
43140,44.764711554915685,1.1052446663171838,0.0054151018504134405
43150,44.71059327593635,1.1039084812483086,0.005408555265336427
43160,44.656540423227334,1.1025739115598034,0.005402016594750655
43170,44.6025529176916,1.1012409552987552,0.0053954858290879044
43180,44.548630680327705,1.0999096105146118,0.0053889629587915225
43190,44.49477363222971,1.0985798752591778,0.005382447974316408
43200,44.440981694587094,1.0972517475866153,0.005375940866129003
43210,44.38725478868455,1.095925225553436,0.005369441624707265
43220,44.33359283590207,1.0946003072185049,0.005362950240540682
43230,44.27999575771456,1.093276990643031,0.0053564667041302244
43240,44.226463475691915,1.0919552738905678,0.0053499910059883506
43250,44.17299591149884,1.09063515502701,0.005343523136638989
43260,44.11959298689472,1.08931663212059,0.005337063086617524
43270,44.066254623733585,1.087999703241877,0.005330610846470783
43280,44.01298074396384,1.0866843664637698,0.005324166406757015
43290,43.959771269628405,1.0853706198615019,0.005317729758045901
43300,43.90662612286432,1.0840584615126292,0.005311300890918507
43310,43.85354522590279,1.0827478894970342,0.00530487979596729
43320,43.80052850106905,1.0814389018969195,0.0052984664637960805
43330,43.74757587078223,1.0801314967968065,0.005292060885020069
43340,43.69468725755525,1.078825672283533,0.005285663050265793
43350,43.641862583994694,1.0775214264462483,0.005279272950171115
43360,43.589101772800774,1.076218757376414,0.0052728905753852305
43370,43.5364047467671,1.0749176631677972,0.005266515916568627
43380,43.483771428780614,1.07361814191647,0.005260148964393086
43390,43.4312017418215,1.0723201917208067,0.0052537897095416685
43400,43.37869560896306,1.0710238106814798,0.005247438142708696
43410,43.32625295337159,1.0697289969014585,0.005241094254599742
43420,43.27387369830628,1.0684357484860056,0.005234758035931618
43430,43.22155776711904,1.0671440635426728,0.00522842947743235
43440,43.16930508325458,1.0658539401813036,0.005222108569841191
43450,43.11711557025003,1.0645653765140228,0.005215795303908573
43460,43.06498915173502,1.0632783706552393,0.005209489670396118
43470,43.012925751431474,1.0619929207216405,0.005203191660076613
43480,42.96092529315357,1.0607090248321922,0.005196901263734004
43490,42.90898770080757,1.0594266811081328,0.0051906184721633745
43500,42.85711289839169,1.058145887672972,0.005184343276170936
43510,42.80530080999614,1.05686664265249,0.005178075666574026
43520,42.753551359802806,1.055588944174731,0.00517181563420107
43530,42.70186447208525,1.054312790370003,0.005165563169891586
43540,42.65024007120861,1.0530381793708739,0.0051593182644961684
43550,42.59867808162942,1.0517651093121696,0.00515308090887647
43560,42.54717842789559,1.0504935783309708,0.005146851093905193
43570,42.49574103464618,1.0492235845666098,0.005140628810466069
43580,42.44436582661149,1.0479551261606705,0.005134414049453865
43590,42.39305272861267,1.046688201256981,0.00512820680177434
43600,42.341801665561846,1.0454228080016146,0.005122007058344256
43610,42.29061256246188,1.0441589445428856,0.005115814810091353
43620,42.23948534440631,1.042896609031347,0.00510963004795434
43630,42.188419936579244,1.0416357996197876,0.005103452762882878
43640,42.13741626425521,1.040376514463229,0.0050972829458375704
43650,42.08647425279915,1.0391187517189253,0.005091120587789958
43660,42.03559382766615,1.0378625095463556,0.0050849656797224835
43670,41.98477491440146,1.036607786107226,0.005078818212628498
43680,41.93401743864034,1.0353545795654642,0.005072678177512239
43690,41.883321326107925,1.0341028880872174,0.0050665455653888195
43700,41.832686502619175,1.0328527098408502,0.005060420367284216
43710,41.78211289407873,1.031604042996942,0.005054302574235254
43720,41.73160042648076,1.030356885728282,0.00504819217728959
43730,41.681149025909036,1.0291112362098724,0.005042089167505717
43740,41.63075861853656,1.027867092618918,0.005035993535952925
43750,41.580429130625625,1.0266244531348279,0.005029905273711303
43760,41.53016048852767,1.0253833159392132,0.005023824371871727
43770,41.47995261868319,1.024143679215883,0.005017750821535842
43780,41.42980544762158,1.0229055411508414,0.005011684613816049
43790,41.37971890196105,1.021668899932286,0.005005625739835493
43800,41.3296929084086,1.020433753750606,0.004999574190728061
43810,41.279727393759764,1.0192001007983766,0.004993529957638345
43820,41.2298222848986,1.017967939270359,0.004987493031721652
43830,41.17997750879755,1.0167372673634958,0.0049814634041439754
43840,41.13019299251735,1.0155080832769108,0.004975441066081993
43850,41.080468663206915,1.014280385211904,0.0049694260087230465
43860,41.0308044481032,1.0130541713719494,0.004963418223265129
43870,40.98120027453122,1.0118294399626955,0.004957417700916888
43880,40.93165606990377,1.0106061891919573,0.004951424432897586
43890,40.88217176172141,1.0093844172697177,0.004945438410437104
43900,40.83274727757237,1.008164122408124,0.004939459624775929
43910,40.783382545132405,1.0069453028214832,0.004933488067165133
43920,40.73407749216471,1.005727956726263,0.004927523728866369
43930,40.6848320465198,1.0045120823410862,0.004921566601151852
43940,40.63564613613542,1.0032976778867293,0.004915616675304346
43950,40.58651968903649,1.0020847415861214,0.004909673942617165
43960,40.53745263333487,1.0008732716643376,0.004903738394394136
43970,40.488444897229364,0.9996632663486005,0.004897810021949605
43980,40.43949640900555,0.9984547238682743,0.004891888816608417
43990,40.39060709703574,0.9972476424548654,0.004885974769705906
44000,40.34177688977883,0.9960420203420175,0.0048800678725878805
44010,40.293005715780154,0.9948378557655088,0.0048741681166106065
44020,40.244293503671564,0.9936351469632532,0.004868275493140815
44030,40.195640182171076,0.9924338921752923,0.004862389993555659
44040,40.14704568008289,0.9912340896437956,0.0048565116092427205
44050,40.098509926297325,0.9900357376130589,0.004850640331599995
44060,40.05003284979064,0.9888388343294995,0.004844776152035876
44070,40.00161437962496,0.9876433780416554,0.004838919061969146
44080,39.95325444494814,0.9864493670001806,0.0048330690528289545
44090,39.904952974993805,0.9852567994578472,0.004827226116054827
44100,39.856709899081004,0.9840656736695362,0.0048213902430966245
44110,39.8085251466143,0.9828759878922404,0.004815561425414552
44120,39.76039864708357,0.9816877403850582,0.0048097396544791345
44130,39.71233033006396,0.9805009294091941,0.004803924921771211
44140,39.66432012521576,0.9793155532279542,0.00479811721878192
44150,39.61636796228424,0.9781316101067432,0.004792316537012681
44160,39.56847377109971,0.9769490983130654,0.004786522867975203
44170,39.520637481577225,0.9757680161165171,0.00478073620319144
44180,39.47285902371661,0.9745883617887878,0.0047749565341936055
44190,39.425138327602276,0.9734101336036558,0.004769183852524146
44200,39.377475323403196,0.9722333298369865,0.004763418149735732
44210,39.329869941372756,0.9710579487667301,0.004757659417391251
44220,39.28232211184866,0.9698839886729183,0.004751907647063786
44230,39.234831765252785,0.9687114478376613,0.004746162830336606
44240,39.187398832091255,0.9675403245451488,0.004740424958803167
44250,39.14002324295408,0.9663706170816424,0.004734694024067076
44260,39.092704928515225,0.9652023237354761,0.004728970017742095
44270,39.045443819532466,0.9640354427970531,0.004723252931452124
44280,38.99823984684729,0.962869972558844,0.004717542756831189
44290,38.95109294138481,0.9617059113153834,0.004711839485523432
44300,38.90400303415358,0.9605432573632668,0.004706143109183091
44310,38.856970056245686,0.9593820090011513,0.004700453619474505
44320,38.809993938836406,0.9582221645297488,0.004694771008072081
44330,38.76307461318428,0.9570637222518266,0.004689095266660293
44340,38.71621201063093,0.9559066804722032,0.004683426386933668
44350,38.669406062600984,0.9547510374977464,0.0046777643605967765
44360,38.622656700601986,0.9535967916373719,0.004672109179364214
44370,38.57596385622425,0.9524439412020381,0.004666460834960592
44380,38.52932746114088,0.9512924845047483,0.0046608193191205365
44390,38.48274744710749,0.9501424198605425,0.004655184623588654
44400,38.43622374596224,0.9489937455864985,0.004649556740119537
44410,38.38975628962568,0.9478464600017293,0.004643935660477743
44420,38.34334501010069,0.9467005614273797,0.004638321376437791
44430,38.29698983947232,0.9455560481866235,0.004632713879784138
44440,38.250690709907715,0.9444129186046619,0.004627113162311174
44450,38.204447553656124,0.9432711710087225,0.004621519215823218
44460,38.1582603030486,0.9421308037280532,0.004615932032134488
44470,38.11212889049803,0.9409918150939224,0.0046103516030691
44480,38.06605324849904,0.9398542034396163,0.004604777920461056
44490,38.02003330962782,0.9387179671004352,0.004599210976154228
44500,37.97406900654211,0.9375831044136925,0.00459365076200235
44510,37.92816027198105,0.936449613718712,0.004588097269869004
44520,37.88230703876506,0.935317493356824,0.004582550491627604
44530,37.83650923979589,0.9341867416713663,0.004577010419161403
44540,37.79076680805628,0.9330573570076774,0.004571477044363451
44550,37.74507967661006,0.9319293377130972,0.004565950359136607
44560,37.69944777860195,0.9308026821369627,0.004560430355393514
44570,37.65387104725752,0.9296773886306077,0.004554917025056597
44580,37.60834941588303,0.9285534555473578,0.0045494103600580435
44590,37.56288281786539,0.9274308812425298,0.004543910352339793
44600,37.517471186672104,0.9263096640734306,0.004538416993853535
44610,37.47211445585102,0.9251898023993508,0.004532930276560682
44620,37.42681255903036,0.9240712945815653,0.004527450192432364
44630,37.38156542991857,0.9229541389833298,0.00452197673344942
44640,37.336373002304256,0.9218383339698792,0.004516509891602383
44650,37.29123521005608,0.9207238779084249,0.004511049658891471
44660,37.24615198712259,0.9196107691681507,0.004505596027326566
44670,37.2011232675323,0.918499006120215,0.004500148988927225
44680,37.15614898539341,0.9173885871377431,0.004494708535722637
44690,37.11122907489375,0.9162795105958271,0.004489274659751635
44700,37.06636347030077,0.9151717748715245,0.0044838473530626755
44710,37.021552105961376,0.9140653783438544,0.004478426607713828
44720,36.97679491630181,0.9129603193937951,0.004473012415772761
44730,36.93209183582761,0.9118565964042826,0.004467604769316734
44740,36.887442799123555,0.9107542077602092,0.004462203660432591
44750,36.84284774085341,0.9096531518484177,0.004456809081216735
44760,36.79830659575998,0.9085534270577021,0.004451421023775126
44770,36.75381929866495,0.907455031778804,0.004446039480223266
44780,36.70938578446881,0.906357964404411,0.004440664442686194
44790,36.66500598815074,0.9052622233291532,0.0044352959032984635
44800,36.62067984476854,0.904167806949602,0.004429933854204141
44810,36.57640728945847,0.903074713664266,0.004424578287556784
44820,36.53218825743535,0.9019829418735931,0.004419229195519451
44830,36.488022683992156,0.9008924899799614,0.004413886570264658
44840,36.44391050450018,0.8998033563876826,0.004408550403974394
44850,36.39985165440883,0.8987155395029965,0.004403220688840094
44860,36.35584606924554,0.8976290377340702,0.0043978974170626375
44870,36.31189368461569,0.8965438494909947,0.00439258058085233
44880,36.26799443620251,0.8954599731857832,0.004387270172428892
44890,36.22414825976704,0.8943774072323702,0.004381966184021461
44900,36.18035509114791,0.8932961500466058,0.004376668607868558
44910,36.13661486626133,0.8922162000462557,0.004371377436218089
44920,36.092927521101025,0.8911375556509992,0.004366092661327335
44930,36.04929299173804,0.8900602152824247,0.004360814275462936
44940,36.00571121432077,0.8889841773640307,0.00435554227090088
44950,35.96218212507471,0.887909440321219,0.004350276639926492
44960,35.91870566030261,0.8868360025812986,0.004345017374834433
44970,35.875281756384084,0.8857638625734771,0.004339764467928668
44980,35.83191034977571,0.8846930187288614,0.004334517911522471
44990,35.7885913770109,0.883623469480456,0.004329277697938408
45000,35.745324774699775,0.8825552132631591,0.004324043819508326
45010,35.70211047952909,0.8814882485137613,0.004318816268573345
45020,35.658948428262164,0.8804225736709432,0.0043135950374838415
45030,35.61583855773871,0.879358187175272,0.004308380118599437
45040,35.57278080487491,0.8782950874692025,0.004303171504289003
45050,35.5297751066631,0.87723327299707,0.004297969186930621
45060,35.48682140017184,0.8761727422050916,0.004292773158911595
45070,35.44391962254576,0.8751134935413626,0.004287583412628432
45080,35.401069711005476,0.8740555254558549,0.004282399940486827
45090,35.35827160284751,0.8729988364004138,0.004277222734901663
45100,35.315525235444156,0.8719434248287558,0.004272051788296983
45110,35.272830546243505,0.8708892891964687,0.004266887093106003
45120,35.23018747276919,0.8698364279610055,0.004261728641771077
45130,35.1875959526204,0.8687848395816848,0.004256576426743695
45140,35.14505592347176,0.8677345225196876,0.0042514304404844775
45150,35.10256732307326,0.8666854752380557,0.004246290675463158
45160,35.060130089250116,0.8656376962016881,0.004241157124158573
45170,35.01774415990272,0.8645911838773399,0.004236029779058649
45180,34.975409473006586,0.8635459367336215,0.004230908632660404
45190,34.93312596661216,0.8625019532409924,0.004225793677469918
45200,34.89089357884479,0.8614592318717625,0.004220684906002333
45210,34.848712247904636,0.8604177711000881,0.004215582310781838
45220,34.80658191206656,0.8593775694019702,0.004210485884341662
45230,34.76450250968007,0.8583386252552525,0.004205395619224063
45240,34.72247397916915,0.8573009371396181,0.004200311507980307
45250,34.680496259032324,0.8562645035365898,0.004195233543170678
45260,34.6385692878424,0.8552293229295249,0.004190161717364445
45270,34.59669300424644,0.8541953938036142,0.004185096023139861
45280,34.55486734696571,0.8531627146458801,0.004180036453084153
45290,34.51309225479555,0.8521312839451745,0.004174982999793512
45300,34.47136766660529,0.8511011001921752,0.004169935655873074
45310,34.42969352133815,0.8500721618793856,0.00416489441393692
45320,34.38806975801117,0.8490444675011305,0.004159859266608056
45330,34.34649631571517,0.8480180155535573,0.004154830206518415
45340,34.304973133614546,0.8469928045346293,0.0041498072263088295
45350,34.26350015094724,0.8459688329441261,0.004144790318629029
45360,34.222077307024676,0.8449460992836413,0.004139779476137633
45370,34.18070454123164,0.8439246020565802,0.004134774691502134
45380,34.1393817930262,0.8429043397681568,0.004129775957398891
45390,34.098109001939584,0.8418853109253919,0.004124783266513108
45400,34.05688610757621,0.8408675140371135,0.004119796611538852
45410,34.01571304961343,0.8398509476139498,0.0041148159851790034
45420,33.97458976780156,0.8388356101683311,0.004109841380145273
45430,33.93351620196372,0.8378215002144848,0.0041048727891581805
45440,33.892492291995815,0.8368086162684354,0.004099910204947046
45450,33.85151797786641,0.8357969568480016,0.004094953620249983
45460,33.81059319961659,0.8347865204727927,0.0040900030278138745
45470,33.769717897360046,0.83377730566421,0.004085058420394388
45480,33.728892011282774,0.8327693109454409,0.0040801197907559365
45490,33.688115481643095,0.831762534841458,0.004075187131671685
45500,33.64738824877157,0.8307569758790174,0.004070260435923533
45510,33.60671025307088,0.8297526325866563,0.004065339696302109
45520,33.566081435015775,0.8287495034946909,0.004060424905606755
45530,33.52550173515294,0.8277475871352137,0.004055516056645518
45540,33.48497109410101,0.8267468820420935,0.004050613142235145
45550,33.44448945255033,0.8257473867509696,0.0040457161552010625
45560,33.404056751262964,0.8247490997992524,0.00404082508837737
45570,33.363672931072614,0.8237520197261207,0.004035939934606832
45580,33.323337932884485,0.8227561450725187,0.004031060686740865
45590,33.283051697675255,0.8217614743811555,0.00402618733763953
45600,33.242814166492934,0.8207680061965014,0.004021319880171515
45610,33.20262528045677,0.8197757390647852,0.004016458307214131
45620,33.162484980757306,0.8187846715339963,0.004011602611653308
45630,33.12239320865607,0.8177948021538768,0.0040067527863835665
45640,33.08234990548566,0.816806129475923,0.0040019088243080205
45650,33.04235501264957,0.8158186520533828,0.003997070718338364
45660,33.00240847162215,0.8148323684412517,0.003992238461394859
45670,32.9625102239485,0.813847277196274,0.00398741204640633
45680,32.922660211244356,0.8128633768769367,0.003982591466310143
45690,32.88285837519615,0.8118806660434726,0.0039777767140522155
45700,32.84310465756068,0.8108991432578521,0.00397296778258698
45710,32.80339900016523,0.8099188070837854,0.0039681646648773924
45720,32.76374134490739,0.8089396560867192,0.003963367353894916
45730,32.724131633754986,0.8079616888338341,0.003958575842619509
45740,32.68456980874602,0.8069849038940431,0.003953790124039618
45750,32.645055811988534,0.8060092998379885,0.0039490101911521655
45760,32.60558958566063,0.805034875238043,0.003944236036962544
45770,32.56617107201025,0.8040616286683026,0.0039394676544846
45780,32.52680021335517,0.8030895587045886,0.003934705036740622
45790,32.4874769520829,0.8021186639244434,0.003929948176761338
45800,32.448201230650604,0.8011489429071293,0.003925197067585901
45810,32.40897299158502,0.8001803942336264,0.00392045170226188
45820,32.369792177482324,0.7992130164866293,0.003915712073845243
45830,32.330658731008185,0.7982468082505483,0.003910978175400367
45840,32.29157259489751,0.7972817681115032,0.003906250000000001
45850,32.25253371195444,0.7963178946573232,0.003901527540725272
45860,32.21354202505229,0.7953551864775454,0.003896810790665673
45870,32.174597477133425,0.7943936421634118,0.003892099742919051
45880,32.13570001120919,0.7934332603078674,0.003887394390591597
45890,32.09684957035982,0.7924740395055585,0.0038826947267978362
45900,32.05804609773436,0.7915159783528297,0.003878000744660616
45910,32.01928953655064,0.7905590754477242,0.003873312437311105
45920,31.980579830095056,0.7896033293899786,0.0038686297978887682
45930,31.94191692172262,0.7886487387810225,0.0038639528195413683
45940,31.9033007548568,0.7876953022239769,0.00385928149542495
45950,31.864731272989477,0.786743018323651,0.003854615818703835
45960,31.826208419680842,0.7857918856865412,0.003849955782550605
45970,31.78773213855928,0.7848419029208272,0.0038453013801460953
45980,31.74930237332144,0.7838930686363744,0.0038406526046793955
45990,31.710919067731922,0.7829453814447258,0.003836009449347817
46000,31.672582165623357,0.7819988399591041,0.0038313719073568998
46010,31.634291610896277,0.7810534427944086,0.0038267399719203988
46020,31.596047347519036,0.7801091885672129,0.0038221136362602717
46030,31.557849319527723,0.7791660758957631,0.0038174928936066718
46040,31.519697471026067,0.7782241033999756,0.003812877737197933
46050,31.481591746185444,0.7772832697014365,0.003808268160280573
46060,31.44353208924464,0.7763435734233965,0.0038036641561092653
46070,31.4055184445099,0.7754050131907722,0.0037990657179468408
46080,31.36755075635478,0.7744675876301413,0.003794472839064275
46090,31.329628969220096,0.7735312953697432,0.0037898855127406796
46100,31.291753027613822,0.7725961350394746,0.00378530373226329
46110,31.25392287611103,0.7716621052708891,0.0037807274909274586
46120,31.21613845935377,0.7707292046971941,0.0037761567820366387
46130,31.178399722051093,0.7697974319532515,0.0037715915989023903
46140,31.140706608978814,0.7688667856755709,0.0037670319348443487
46150,31.103059064979533,0.7679372645023114,0.003762477783190229
46160,31.065457034962552,0.7670088670732789,0.0037579291372758132
46170,31.027900463903748,0.7660815920299228,0.0037533859904449393
46180,30.99038929684554,0.7651554380153357,0.0037488483360494924
46190,30.952923478896757,0.7642304036742498,0.0037443161674493926
46200,30.915502955232657,0.7633064876530373,0.0037397894780125955
46210,30.878127671094717,0.7623836885997055,0.0037352682611150666
46220,30.84079757179062,0.7614620051638963,0.003730752510140781
46230,30.803512602694187,0.7605414359968845,0.0037262422184817135
46240,30.766272709245275,0.7596219797515753,0.0037217373795378275
46250,30.729077836949696,0.7587036350825025,0.0037172379867170652
46260,30.69192793137912,0.7577864006458258,0.0037127440334353353
46270,30.654822938171094,0.7568702750993316,0.003708255513116515
46280,30.617762803028818,0.7559552571024268,0.0037037724191924244
46290,30.58074747172114,0.7550413453161399,0.003699294745102824
46300,30.543776890082494,0.754128538403118,0.0036948224842954093
46310,30.50685100401278,0.753216835027625,0.003690355630225793
46320,30.469969759477316,0.7523062338555399,0.0036858941763575036
46330,30.433133102506705,0.7513967335543533,0.0036814381161619654
46340,30.396340979196882,0.7504883327931694,0.003676987443118507
46350,30.359593335708876,0.7495810302426991,0.0036725421507143303
46360,30.322890118268823,0.7486748245752609,0.003668102232444513
46370,30.28623127316787,0.7477697144647787,0.0036636676818119986
46380,30.249616746762097,0.7468656985867791,0.003659238492327583
46390,30.213046485472436,0.7459627756183905,0.00365481465750991
46400,30.1765204357846,0.7450609442383404,0.0036503961708854566
46410,30.140038544248952,0.7441602031269524,0.003645983025988523
46420,30.103600757480574,0.7432605509661483,0.003641575216361238
46430,30.067207022159007,0.7423619864394412,0.003637172735553526
46440,30.030857285028254,0.741464508231936,0.0036327755771231114
46450,29.99455149289674,0.7405681150303278,0.00362838373463551
46460,29.95828959263717,0.7396728055228992,0.003623997201664015
46470,29.922071531186475,0.7387785783995183,0.003619615971789688
46480,29.885897255545736,0.7378854323516371,0.0036152400386013496
46490,29.849766712780156,0.7369933660722908,0.0036108693956955797
46500,29.813679850018875,0.7361023782560934,0.0036065040366766903
46510,29.77763661445497,0.735212467599237,0.003602143955156729
46520,29.741636953345353,0.7343236327994903,0.0035977891447554647
46530,29.705680814010712,0.7334358725561965,0.0035934395991003816
46540,29.669768143835416,0.7325491855702709,0.0035890953118266665
46550,29.633898890267414,0.731663570544199,0.003584756276577199
46560,29.59807300081827,0.7307790261820364,0.003580422487002552
46570,29.562290423062926,0.7298955511894039,0.0035760939367609668
46580,29.526551104639733,0.7290131442734878,0.003571770619518354
46590,29.490854993250327,0.7281318041430369,0.0035674525289482806
46600,29.455202036659593,0.7272515295083617,0.0035631396587319643
46610,29.419592182695553,0.7263723190813313,0.00355883200255826
46620,29.38402537924928,0.7254941715753718,0.00355452955412365
46630,29.34850157427492,0.7246170857054665,0.003550232307132247
46640,29.31302071578946,0.7237410601881502,0.003545940255295765
46650,29.277582751872764,0.7228660937415102,0.003541653392333524
46660,29.24218763066746,0.7219921850851834,0.0035373717119724355
46670,29.20683530037887,0.7211193329403547,0.0035330952079469977
46680,29.171525709274935,0.720247536029755,0.003528823873999281
46690,29.136258805686133,0.7193767930776591,0.003524557703878922
46700,29.101034538005393,0.7185071028098841,0.0035202966913431112
46710,29.065852854688092,0.7176384639537886,0.0035160408301565947
46720,29.03071370425186,0.7167708752382683,0.003511790114091648
46730,28.995617035276595,0.7159043353937565,0.003507544536928079
46740,28.960562796404343,0.7150388431522209,0.003503304092453214
46750,28.92555093633926,0.7141743972471623,0.0034990687744618923
46760,28.890581403847495,0.7133109964136125,0.0034948385767564535
46770,28.85565414775713,0.7124486393881324,0.0034906134931467266
46780,28.820769116958168,0.7115873249088117,0.0034863935174500346
46790,28.78592626040234,0.7107270517152642,0.0034821786434911643
46800,28.75112552710312,0.7098678185486279,0.003477968865102373
46810,28.716366866135605,0.7090096241515625,0.0034737641761233727
46820,28.681650226636467,0.7081524672682482,0.0034695645704013235
46830,28.646975557803877,0.7072963466443831,0.0034653700417908244
46840,28.612342808897388,0.7064412610271812,0.0034611805841539005
46850,28.577751929237973,0.7055872091653729,0.0034569961913600068
46860,28.543202868207796,0.7047341898091993,0.0034528168572859996
46870,28.508695575250247,0.7038822017104133,0.0034486425758161426
46880,28.47422999986983,0.7030312436222768,0.0034444733408420915
46890,28.439806091632096,0.7021813142995584,0.0034403091462628876
46900,28.405423800163575,0.7013324124985332,0.0034361499859849477
46910,28.37108307515169,0.7004845369769789,0.003431995853922055
46920,28.336783866344664,0.6996376864941748,0.003427846743995349
46930,28.30252612355155,0.6987918598109021,0.0034237026501333255
46940,28.268309796642004,0.697947055689438,0.0034195635662718125
46950,28.234134835546307,0.697103272893557,0.0034154294863539716
46960,28.200001190255282,0.6962605101885279,0.003411300404330288
46970,28.165908810820206,0.6954187663411123,0.0034071763141585595
46980,28.13185764735273,0.6945780401195628,0.0034030572098038884
46990,28.09784765002481,0.6937383302936203,0.0033989430852386705
47000,28.063878769068708,0.692899635634515,0.0033948339344425974
47010,28.02995095477678,0.6920619549149609,0.00339072975140263
47020,27.996064157501493,0.691225286909156,0.003386630530113002
47030,27.962218327655354,0.6903896303927808,0.003382536264575207
47040,27.928413415710796,0.6895549841429952,0.0033784469487979914
47050,27.894649372200146,0.688721346938438,0.0033743625767973435
47060,27.8609261477155,0.6878887175592238,0.0033702831425964845
47070,27.827243692908766,0.6870570947869439,0.003366208640225869
47080,27.793601958491433,0.6862264774046604,0.0033621390637231605
47090,27.7600008952346,0.6853968641969077,0.003358074407133232
47100,27.72644045396889,0.6845682539496893,0.0033540146645081583
47110,27.692920585584368,0.6837406454504767,0.003349959829907203
47120,27.659441241030454,0.6829140374882068,0.003345909897396812
47130,27.626002371315863,0.6820884288532805,0.0033418648610506027
47140,27.592603927508605,0.6812638183375624,0.0033378247149493654
47150,27.559245860735775,0.6804402047343765,0.0033337894531810376
47160,27.525928122183565,0.6796175868385055,0.0033297590698407064
47170,27.4926506630972,0.6787959634461895,0.0033257335590305996
47180,27.45941343478083,0.6779753333551239,0.0033217129148600728
47190,27.426216388597485,0.6771556953644576,0.003317697131445604
47200,27.393059475968997,0.6763370482747914,0.0033136862029107855
47210,27.35994264837589,0.675519390888175,0.0033096801233863087
47220,27.326865857357426,0.6747027220081088,0.0033056788870099705
47230,27.293829054511384,0.6738870404395373,0.0033016824879266464
47240,27.26083219149408,0.673072344988851,0.003297690920288293
47250,27.22787522002028,0.6722586344638831,0.0032937041782539365
47260,27.19495809186311,0.671445907673908,0.003289722255989666
47270,27.162080758854017,0.6706341634296397,0.0032857451476686213
47280,27.129243172882642,0.6698234005432292,0.003281772847470986
47290,27.096445285896877,0.6690136178282658,0.0032778053495839863
47300,27.063687049902622,0.6682048140997711,0.0032738426482018684
47310,27.030968416963827,0.6673969881741996,0.0032698847375258995
47320,26.998289339202397,0.6665901388694369,0.0032659316117643576
47330,26.965649768798112,0.6657842650047977,0.0032619832651325223
47340,26.93304965798858,0.6649793654010242,0.003258039691852667
47350,26.900488959069108,0.6641754388802835,0.003254100886154047
47360,26.867967624392758,0.6633724842661683,0.0032501668422729025
47370,26.835485606370124,0.6625705003836923,0.0032462375544524335
47380,26.803042857469347,0.6617694860592893,0.0032423130169428023
47390,26.770639330216046,0.660969440120813,0.0032383932240011228
47400,26.738274977193225,0.6601703613975335,0.003234478169891452
47410,26.705949751041217,0.6593722487201363,0.0032305678488847803
47420,26.673663604457577,0.6585751009207201,0.003226662255259022
47430,26.64141649019713,0.6577789168327973,0.003222761383299018
47440,26.609208361071747,0.6569836952912887,0.00321886522729651
47450,26.577039169950353,0.6561894351325241,0.0032149737815501426
47460,26.544908869758878,0.6553961351942406,0.0032110870403654537
47470,26.51281741348014,0.6546037943155796,0.0032072049980548657
47480,26.48076475415381,0.6538124113370867,0.0032033276489376763
47490,26.448750844876326,0.6530219851007085,0.0031994549873400517
47500,26.416775638800818,0.652232514449792,0.0031955870075950146
47510,26.384839089137103,0.6514439982290834,0.0031917237040424463
47520,26.35294114915151,0.6506564352847242,0.0031878650710290635
47530,26.321081772166885,0.6498698244642512,0.0031840111029084197
47540,26.289260911562508,0.649084164616595,0.003180161794040895
47550,26.257478520774008,0.648299454592077,0.003176317138793687
47560,26.225734553293325,0.6475156932424092,0.0031724771315408034
47570,26.19402896266859,0.6467328794206908,0.003168641766663051
47580,26.162361702504175,0.6459510119814098,0.003164811038548038
47590,26.130732726460447,0.6451700897804363,0.0031609849415901487
47600,26.09914198825385,0.6443901116750256,0.003157163470190548
47610,26.067589441656757,0.6436110765238132,0.003153346618757169
47620,26.03607504049744,0.6428329831868153,0.003149534381704706
47630,26.004598738659997,0.642055830525426,0.003145726753454605
47640,25.973160490084233,0.6412796174024152,0.0031419237284350528
47650,25.941760248765725,0.6405043426819297,0.003138125301080982
47660,25.910397968755596,0.6397300052294876,0.0031343314658340447
47670,25.87907360416053,0.6389566039119788,0.0031305422171426134
47680,25.847787109142715,0.6381841375976638,0.003126757549461775
47690,25.816538437919732,0.6374126051561707,0.003122977457253319
47700,25.78532754476452,0.6366420054584941,0.0031192019349857284
47710,25.754154384005282,0.6358723373769937,0.0031154309771341737
47720,25.723018910025495,0.6351035997853931,0.003111664578180511
47730,25.691921077263725,0.6343357915587768,0.0031079027326132605
47740,25.660860840213633,0.6335689115735893,0.003104145434927607
47750,25.6298381534239,0.6328029587076333,0.003100392679625391
47760,25.598852971498157,0.6320379318400685,0.0030966444612151004
47770,25.567905249094913,0.6312738298514097,0.0030929007742118613
47780,25.5369949409275,0.6305106516235249,0.0030891616131374314
47790,25.50612200176396,0.6297483960396332,0.0030854269725201877
47800,25.475286386427104,0.6289870619843058,0.003081696846895132
47810,25.444488049794284,0.6282266483434603,0.003077971230803862
47820,25.413726946797425,0.6274671540043624,0.00307425011879458
47830,25.383003032422945,0.6267085778556225,0.0030705335054220777
47840,25.352316261711664,0.6259509187871946,0.00306682138524773
47850,25.321666589758777,0.625194175690375,0.003063113752839487
47860,25.291053971713726,0.6244383474577997,0.003059410602771863
47870,25.26047836278025,0.6236834329834449,0.0030557119296259396
47880,25.22993971821618,0.6229294311626226,0.0030520177279893413
47890,25.199437993333458,0.6221763408919805,0.0030483279924562396
47900,25.16897314349805,0.6214241610695006,0.0030446427176273397
47910,25.13854512412988,0.6206728905944969,0.0030409618981098755
47920,25.108153890702773,0.6199225283676142,0.0030372855285176
47930,25.077799398744364,0.6191730732908258,0.003033613603470776
47940,25.047481603836104,0.6184245242674339,0.0030299461175961767
47950,25.017200461613093,0.6176768802020652,0.003026283065527064
47960,24.986955927764082,0.616930140000671,0.0030226244419031914
47970,24.9567479580314,0.6161843025705256,0.0030189702413707916
47980,24.92657650821086,0.6154393668202238,0.0030153204585825696
47990,24.896441534151744,0.6146953316596803,0.0030116750881976962
48000,24.866342991756685,0.6139521960001273,0.0030080341248817978
48010,24.83628083698162,0.613209958754113,0.0030043975633069473
48020,24.8062550258358,0.6124686188355021,0.0030007653981516677
48030,24.77626551438158,0.6117281751594701,0.0029971376241009068
48040,24.74631225873447,0.6109886266425051,0.00299351423584604
48050,24.71639521506302,0.6102499722024047,0.002989895228084861
48060,24.686514339588786,0.6095122107582756,0.002986280595521575
48070,24.656669588586233,0.60877534123053,0.0029826703328667877
48080,24.626860918382683,0.6080393625408859,0.0029790644348374976
48090,24.597088285358307,0.6073042736123658,0.0029754628961570976
48100,24.56735164594595,0.606570073369293,0.002971865711555352
48110,24.537650956631158,0.6058367607372916,0.0029682728757683997
48120,24.507986173952062,0.6051043346432844,0.0029646843835387424
48130,24.478357254499368,0.6043727940154919,0.002961100229615239
48140,24.44876415491623,0.6036421377834299,0.0029575204087530955
48150,24.419206831898215,0.6029123648779081,0.002953944915713857
48160,24.389685242193302,0.6021834742310304,0.002950373745265409
48170,24.360199342601696,0.6014554647761898,0.0029468068921819543
48180,24.33074908997585,0.6007283354480699,0.0029432443512440168
48190,24.30133444122038,0.6000020851826416,0.0029396861172384294
48200,24.271955353292004,0.5992767129171627,0.0029361321849583288
48210,24.24261178319947,0.5985522175901753,0.002932582549203145
48220,24.21330368800349,0.5978285981415045,0.002929037204778594
48230,24.18403102481674,0.5971058535122586,0.0029254961464966786
48240,24.154793750803695,0.5963839826448248,0.002921959369175666
48250,24.125591823180617,0.5956629844828688,0.00291842686764009
48260,24.09642519921551,0.5949428579713337,0.0029148986367207416
48270,24.067293836228032,0.5942236020564383,0.0029113746712546612
48280,24.038197691589435,0.593505215685675,0.0029078549660851312
48290,24.009136722722516,0.5927876978078089,0.002904339516061668
48300,23.980110887101517,0.5920710473728753,0.0029008283160400113
48310,23.951120142252154,0.5913552633321804,0.0028973213608821284
48320,23.922164445751438,0.5906403446382967,0.0028938186454561914
48330,23.893243755227683,0.5899262902450638,0.0028903201646365774
48340,23.864358028360424,0.5892130991075857,0.002886825913303861
48350,23.835507222880366,0.5885007701822296,0.002883335886344806
48360,23.806691296569312,0.5877893024266246,0.0028798500786523574
48370,23.777910207260085,0.5870786947996594,0.002876368485125632
48380,23.74916391283655,0.5863689462614828,0.002872891100669922
48390,23.720452371233417,0.5856600557734993,0.002869417920196669
48400,23.69177554043629,0.5849520222983696,0.0028659489386234707
48410,23.663133378481543,0.5842448448000082,0.0028624841508740687
48420,23.634525843456302,0.5835385222435824,0.0028590235518783417
48430,23.60595289349835,0.5828330535955105,0.0028555671365722976
48440,23.577414486796066,0.5821284378234599,0.0028521148998980634
48450,23.548910581588444,0.5814246738963477,0.00284866683680389
48460,23.520441136164884,0.5807217607843354,0.0028452229422441266
48470,23.492006108865247,0.5800196974588305,0.002841783211179225
48480,23.46360545807977,0.5793184828924846,0.0028383476385757302
48490,23.435239142248964,0.5786181160591898,0.002834916219406272
48500,23.406907119863604,0.57791859593408,0.002831488948649558
48510,23.378609349464632,0.5772199214935274,0.002828065821290364
48520,23.350345789643157,0.5765220917151427,0.0028246468323195363
48530,23.322116399040294,0.5758251055777714,0.0028212319767339693
48540,23.293921136347187,0.5751289620614943,0.002817821249536609
48550,23.265759960304912,0.574433660147625,0.0028144146457364425
48560,23.237632829704424,0.5737391988187084,0.0028110121603484896
48570,23.209539703386504,0.5730455770585198,0.002807613788393798
48580,23.18148054024169,0.572352793852063,0.0028042195248994353
48590,23.15345529921019,0.571660848185568,0.002800829364898476
48600,23.12546393928193,0.5709697390464926,0.0027974433034300096
48610,23.097506419496337,0.5702794654235167,0.002794061335539114
48620,23.06958269894239,0.5695900263065435,0.0027906834562768604
48630,23.04169273675852,0.5689014206866972,0.0027873096607003035
48640,23.01383649213256,0.5682136475563221,0.0027839399438724724
48650,22.986013924301684,0.56752670590898,0.002780574300862366
48660,22.958224992552324,0.5668405947394497,0.0027772127267449414
48670,22.930469656220193,0.5661553130437261,0.0027738552166011177
48680,22.902747874690107,0.565470859819017,0.0027705017655177532
48690,22.875059607396,0.5647872340637424,0.002767152368587649
48700,22.84740481382085,0.5641044347775337,0.0027638070209095368
48710,22.81978345349663,0.5634224609612316,0.0027604657175880768
48720,22.792195486004207,0.5627413116168841,0.0027571284537338445
48730,22.764640870973324,0.5620609857477462,0.002753795224463326
48740,22.737119568082576,0.5613814823582788,0.0027504660248989176
48750,22.709631537059238,0.5607028004541446,0.0027471408501689052
48760,22.682176737679306,0.5600249390422096,0.0027438196954074675
48770,22.654755129767402,0.5593478971305401,0.002740502555754665
48780,22.6273666731967,0.5586716737284013,0.0027371894263564333
48790,22.60001132788892,0.5579962678462569,0.002733880302364578
48800,22.572689053814184,0.5573216784957656,0.002730575178936761
48810,22.545399810991082,0.5566479046897831,0.002727274051236508
48820,22.518143559486468,0.5559749454423563,0.0027239769144331827
48830,22.490920259415518,0.5553027997687253,0.002720683763701993
48840,22.46372987094159,0.5546314666853204,0.002717394594223977
48850,22.436572354276244,0.5539609452097609,0.002714109401186002
48860,22.409447669679103,0.5532912343608537,0.0027108281797807517
48870,22.382355777457864,0.5526223331585924,0.0027075509252067224
48880,22.35529663796817,0.5519542406241542,0.002704277632668213
48890,22.328270211613667,0.5512869557799017,0.0027010082973753275
48900,22.3012764588458,0.5506204776493776,0.0026977429145439522
48910,22.274315340163852,0.5499548052573059,0.0026944814793957612
48920,22.247386816114854,0.5492899376295889,0.002691223987158204
48930,22.220490847293544,0.5486258737933075,0.002687970433064501
48940,22.193627394342293,0.5479626127767184,0.0026847208123536347
48950,22.166796417951034,0.5473001536092524,0.002681475120270341
48960,22.13999787885728,0.5466384953215155,0.0026782333520651122
48970,22.113231737845958,0.5459776369452839,0.0026749955029941753
48980,22.086497955749415,0.545317577513505,0.0026717615683194943
48990,22.059796493447358,0.544658316060295,0.0026685315433087617
49000,22.03312731186679,0.5439998516209383,0.002665305423235391
49010,22.006490371981936,0.5433421832318853,0.0026620832033785098
49020,21.9798856348142,0.5426853099307508,0.0026588648790229503
49030,21.953313061432155,0.5420292307563146,0.002655650445459253
49040,21.926772612951392,0.541373944748517,0.0026524398979836444
49050,21.900264250534523,0.5407194509484596,0.00264923323189804
49060,21.873787935391114,0.5400657483984033,0.0026460304425100344
49070,21.847343628777626,0.5394128361417665,0.0026428315251328964
49080,21.82093129199736,0.5387607132231245,0.0026396364750855593
49090,21.794550886400405,0.5381093786882074,0.0026364452876926174
49100,21.76820237338355,0.5374588315838986,0.0026332579582843134
49110,21.741885714390307,0.536809070958235,0.002630074482196543
49120,21.715600870910748,0.5361600958604033,0.002626894854770834
49130,21.68934780448153,0.5355119053407399,0.002623719071354348
49140,21.663126476685793,0.5348644984507291,0.0026205471272998707
49150,21.636936849153138,0.5342178742430027,0.0026173790179658085
49160,21.610778883559536,0.5335720317713368,0.0026142147387161773
49170,21.584652541627285,0.5329269700906517,0.002611054284920595
49180,21.558557785125014,0.5322826882570114,0.0026078976519542866
49190,21.532494575867506,0.5316391853276196,0.0026047448351980587
49200,21.506462875715734,0.5309964603608202,0.0026015958300383063
49210,21.480462646576783,0.530354512416096,0.0025984506318670014
49220,21.454493850403782,0.5297133405540663,0.002595309236081687
49230,21.42855644919586,0.5290729438364863,0.0025921716380854698
49240,21.402650404998067,0.5284333213262449,0.0025890378332870125
49250,21.3767756799014,0.5277944720873654,0.0025859078171005345
49260,21.350932236042624,0.5271563951850015,0.002582781584945793
49270,21.3251200356043,0.5265190896854369,0.002579659132248084
49280,21.29933904081471,0.5258825546560848,0.002576540454438235
49290,21.273589213947794,0.5252467891654854,0.0025734255469525963
49300,21.24787051732311,0.5246117922833055,0.0025703144052330366
49310,21.22218291330574,0.5239775630803352,0.002567207024726932
49320,21.196526364306337,0.5233441006284905,0.00256410340088717
49330,21.170900832780923,0.5227114040008073,0.002561003529172128
49340,21.14530628123094,0.5220794722714428,0.0025579074050456766
49350,21.119742672203152,0.5214483045156735,0.0025548150239771694
49360,21.094209968289622,0.5208178998098938,0.002551726381441439
49370,21.06870813212762,0.520188257231615,0.0025486414729187874
49380,21.04323712639959,0.519559375859463,0.002545560293894981
49390,21.017796913833074,0.5189312547731778,0.0025424828398612417
49400,20.99238745720073,0.518303893053613,0.002539409106314249
49410,20.967008719320166,0.517677289782732,0.002536339088756119
49420,20.94166066305396,0.5170514440436086,0.0025332727826944093
49430,20.916343251309584,0.516426354920425,0.0025302101836421078
49440,20.891056447039364,0.515802021498471,0.002527151287117627
49450,20.865800213240398,0.5151784428641415,0.002524096088644797
49460,20.840574512954518,0.5145556181049362,0.0025210445837528586
49470,20.815379309268277,0.5139335463094589,0.002517996767976462
49480,20.790214565312812,0.5133122265674139,0.0025149526368556515
49490,20.765080244263835,0.5126916579696066,0.0025119121859358633
49500,20.739976309341593,0.5120718396079413,0.0025088754107679204
49510,20.714902723810788,0.5114527705754207,0.002505842306908024
49520,20.68985945098054,0.5108344499661434,0.002502812869917748
49530,20.664846454204298,0.5102168768753029,0.00249978709536403
49540,20.639863696879882,0.5096000503991883,0.0024967649788191727
49550,20.614911142449298,0.5089839696351793,0.0024937465158608257
49560,20.589988754398775,0.5083686336817479,0.0024907317020719877
49570,20.565096496258672,0.5077540416384553,0.002487720533040996
49580,20.540234331603454,0.5071401926059519,0.002484713004361523
49590,20.515402224051613,0.506527085685975,0.0024817091116325664
49600,20.490600137265606,0.5059147199813476,0.0024787088504584437
49610,20.46582803495188,0.5053030945959786,0.0024757122164487926
49620,20.441085880860705,0.5046922086348589,0.002472719205218552
49630,20.416373638786183,0.5040820612040618,0.002469729812387964
49640,20.391691272566202,0.5034726514107416,0.0024667440335825663
49650,20.367038746082354,0.5028639783631315,0.0024637618644331844
49660,20.3424160232599,0.5022560411705431,0.002460783300575926
49670,20.317823068067728,0.5016488389433651,0.002457808337652175
49680,20.293259844518246,0.5010423707930607,0.0024548369713085823
49690,20.268726316667436,0.5004366358321688,0.002451869197197068
49700,20.24422244861468,0.4998316331743001,0.002448905010974802
49710,20.219748204502775,0.49922736193413714,0.0024459444083042084
49720,20.195303548517867,0.49862382122743265,0.0024429873848529527
49730,20.17088844488941,0.4980210101710087,0.00244003393629394
49740,20.146502857890095,0.4974189278827548,0.0024370840583053054
49750,20.122146751835782,0.4968175734816266,0.0024341377465704073
49760,20.097820091085534,0.49621694608764605,0.002431194996777829
49770,20.07352284004144,0.4956170448218977,0.00242825580462136
49780,20.049254963148663,0.4950178688065294,0.0024253201657999973
49790,20.02501642489532,0.49441941716474974,0.002422388076017938
49800,20.00080718981248,0.4938216890208277,0.002419459530984573
49810,19.976627222474086,0.4932246835000907,0.002416534526414479
49820,19.9524764874969,0.49262839972892347,0.002413613058027413
49830,19.928354949540502,0.4920328368347681,0.0024106951215483122
49840,19.904262573307147,0.4914379939461201,0.0024077807127072756
49850,19.88019932354178,0.490843870192529,0.002404869827239567
49860,19.85616516503198,0.49025046470459704,0.0024019624608856054
49870,19.832160062607876,0.489657776613977,0.0023990586093909595
49880,19.808183981142133,0.48906580505337194,0.0023961582685063424
49890,19.784236885549852,0.4884745491565326,0.002393261433987601
49900,19.760318740788613,0.48788400805825854,0.00239036810159572
49910,19.736429511858304,0.4872941808943939,0.0023874782670968027
49920,19.712569163801135,0.4867050668018278,0.0023845919262620724
49930,19.688737661701598,0.48611666491849326,0.002381709074867866
49940,19.664934970686375,0.48552897438336495,0.002378829708695625
49950,19.64116105592433,0.4849419943364591,0.002375953823531893
49960,19.617415882626407,0.48435572391883097,0.0023730814151683047
49970,19.593699416045624,0.4837701622725743,0.002370212479401583
49980,19.57001162147704,0.4831853085408212,0.002367347012033538
49990,19.54635246425761,0.48260116186773794,0.002364485008871047
50000,19.522721909766233,0.48201772139852656,0.002361626465726062
